0.02177192084491253	-0.1937834620475769	0.05066259577870369	-0.07766184210777283	0.0033687823452055454	0.051487959921360016	-0.10741107910871506	0.1270081102848053	-0.1649991124868393	-0.0028674881905317307	0.22550925612449646	-0.042326390743255615	0.24031943082809448	-0.042285092175006866	-0.18002428114414215	-0.07573939114809036	-0.12228257954120636	-0.12613599002361298	0.08715929836034775	-0.1406099796295166	0.27603834867477417	-0.12046743929386139	-0.10388664901256561	-0.1161692887544632	0.022415904328227043	-0.08296491950750351	0.02115742675960064	-0.11104049533605576	-0.1997850090265274	-0.061527978628873825	-0.03359165042638779	0.045646678656339645	-0.14142513275146484	-0.10952933132648468	0.07318782061338425	0.17996282875537872	-0.23673371970653534	0.22281214594841003	0.14319004118442535	0.1572398990392685	-0.006867037620395422	0.015886155888438225	0.13394317030906677	-0.1525387465953827	-0.09831421822309494	-0.05941391736268997	0.15213283896446228	-0.10344218462705612	-0.23774762451648712	-0.17536018788814545	-0.06420716643333435	0.1293635368347168	0.18707922101020813	0.04510296508669853	-0.09311070293188095	0.0026497328653931618	0.16643184423446655	0.14692428708076477	0.2063283920288086	0.04390968009829521	0.19617266952991486	0.08276692777872086	0.07762517035007477	0.06132777780294418	-0.08084455877542496	-0.23175230622291565	-0.025155533105134964	0.12888862192630768	-0.07260051369667053	0.054222092032432556	-0.15204359591007233	0.12211918830871582	0.074580617249012	0.09907276928424835	0.10504121333360672	-0.020480547100305557	-0.08024098724126816	-0.14655762910842896	-0.04665935039520264	-0.023581478744745255	0.14312958717346191	-0.054882410913705826	0.18129362165927887	-0.1036376804113388	-0.21308429539203644	0.1736368089914322	-0.026660755276679993	0.19421827793121338	-0.18905732035636902	-0.17190682888031006
-0.34841251373291016	0.08628499507904053	0.08145823329687119	-0.1910446435213089	0.11225243657827377	-0.09588909894227982	0.1638309359550476	-0.0038638263940811157	-0.030157919973134995	-0.022071463987231255	-0.35697847604751587	0.01174571830779314	0.02079874277114868	0.06160483881831169	0.11857567727565765	0.07099270820617676	0.15309777855873108	0.010301163420081139	-0.36845260858535767	0.06720548123121262	-0.06800800561904907	0.17152567207813263	-0.049327556043863297	-0.2764574885368347	0.03131350502371788	-0.1908775120973587	-0.1922936886548996	0.037303272634744644	-0.1361946165561676	0.14118894934654236	0.21866482496261597	0.22971923649311066	-0.13257673382759094	0.21573078632354736	0.12115383893251419	-0.07130368053913116	0.036628227680921555	-0.0914689153432846	-0.16580961644649506	-0.12621809542179108	0.0015155375003814697	-0.017171651124954224	0.15949364006519318	-0.029822586104273796	-0.07158754020929337	0.01270262897014618	0.1288764774799347	-0.18761545419692993	-0.18288233876228333	0.12580090761184692	0.017965005710721016	0.08279793709516525	0.017278267070651054	-0.030086515471339226	-0.2982390522956848	-0.12040486186742783	-0.090260811150074	0.16821493208408356	-0.09803145378828049	0.09261469542980194	-0.18721751868724823	0.05865789204835892	0.1477733850479126	-0.04845340549945831	-0.008440006524324417	0.03241151571273804	0.13894762098789215	0.07441757619380951	0.05088943615555763	0.11370259523391724	-0.08749371021986008	0.0697268694639206	0.21086809039115906	0.10968411713838577	0.2366946041584015	-0.040801700204610825	-0.23586225509643555	-0.10665268450975418	0.17317794263362885	0.08745793998241425	-0.08121989667415619	0.11431019008159637	0.0063214474357664585	-0.07212331891059875	-0.14065700769424438	0.131597101688385	0.11493215709924698	0.16260968148708344	-0.013280310668051243	0.16854465007781982
0.0016093283193185925	0.03478094935417175	0.15510419011116028	0.1236216127872467	0.14976219832897186	0.025287652388215065	-0.2238474190235138	0.2895881235599518	-0.10184737294912338	-0.05160387605428696	0.23365558683872223	-0.1964903473854065	0.12329087406396866	-0.02612445130944252	0.10418778657913208	-0.22224797308444977	0.12367145717144012	-0.06284945458173752	-0.12241927534341812	-0.24199876189231873	-0.31344538927078247	0.27593472599983215	-0.23318806290626526	0.026095381006598473	-0.17434576153755188	0.007026482839137316	0.014088080264627934	0.20196160674095154	0.05267975851893425	-0.18674282729625702	-0.13749708235263824	0.0695163682103157	0.15595418214797974	-0.013395961374044418	0.04836398363113403	0.12891878187656403	-0.22841832041740417	0.17419873178005219	-0.0836852639913559	0.01553757581859827	-0.03737146407365799	-0.06196402385830879	0.13325169682502747	0.2745937705039978	-0.035068344324827194	0.09627003222703934	0.224879652261734	-0.21510407328605652	-0.10590759664773941	0.019266730174422264	0.020119041204452515	-0.301550030708313	0.2501361668109894	-0.20590703189373016	-0.12009096890687943	0.20867593586444855	0.18823905289173126	-0.2349621206521988	0.3072347342967987	-0.133315771818161	-0.01871473528444767	-0.17988136410713196	0.0005920226685702801	0.16238389909267426	0.15207958221435547	-0.27100759744644165	0.10272877663373947	0.22618795931339264	-0.20346511900424957	-0.030146652832627296	-0.022427529096603394	0.05312120169401169	-0.07709725946187973	-0.10903269052505493	0.10027020424604416	0.04423409700393677	-0.02509293332695961	-0.07077294588088989	-0.19547617435455322	-0.045649491250514984	0.01511895190924406	0.04189114272594452	0.27393704652786255	0.11444783210754395	-0.13636833429336548	0.10062185674905777	0.18685492873191833	0.04136310890316963	-0.07448261231184006	-0.021724943071603775
-0.08317331224679947	-0.0024048560298979282	-0.027702907100319862	0.0694376602768898	0.04067359119653702	-0.2855462431907654	0.01697731763124466	-0.10197184979915619	-0.05824209377169609	-0.04383132606744766	-0.3715497851371765	0.09715734422206879	-0.01330840215086937	-0.1053890660405159	0.22641488909721375	-0.09671395272016525	0.0393344908952713	0.16473674774169922	-0.025013234466314316	0.03675604984164238	0.05917985364794731	-0.10462233424186707	0.09510832279920578	-0.008423625491559505	0.11629558354616165	0.0736287385225296	-0.014448407106101513	-0.0630563423037529	0.043610453605651855	0.20515869557857513	-0.018718214705586433	0.05357300862669945	-0.2012251913547516	0.10276921838521957	-0.27772989869117737	-0.12217309325933456	0.13503295183181763	-0.09756994247436523	0.16994738578796387	0.02433839626610279	0.15934531390666962	0.10224795341491699	0.0487334206700325	0.04738937318325043	0.12189039587974548	0.17685674130916595	0.0713575929403305	0.20693367719650269	0.09565179795026779	0.19408996403217316	-0.1384599506855011	-0.016882125288248062	-0.047084514051675797	0.03577081114053726	0.20754766464233398	-0.4064736068248749	-0.21074633300304413	-0.07766355574131012	-0.07055892795324326	-0.13649311661720276	0.0800146833062172	0.09276769310235977	-0.061006877571344376	-0.23709988594055176	0.1514519900083542	-0.1318565011024475	0.25056782364845276	-0.04732969030737877	-0.0702759176492691	0.2754339575767517	0.05493558570742607	0.10707660019397736	0.04348529875278473	0.210884690284729	-0.13979904353618622	0.1034935936331749	-0.30907467007637024	0.18138165771961212	0.2298046499490738	-0.24356260895729065	-0.0236654169857502	-0.14887547492980957	-0.08081820607185364	-0.1721934825181961	-0.098046213388443	0.0623498409986496	-0.08694962412118912	-0.28820696473121643	-0.022495705634355545	0.06882043182849884
-0.01836712285876274	0.054400987923145294	-0.2443496584892273	0.06252908706665039	-0.07478377968072891	0.19345790147781372	-0.034852731972932816	0.005436204839497805	-0.09192241728305817	0.01753210835158825	0.034382183104753494	0.10795526206493378	-0.12184596061706543	-0.22495275735855103	0.12776881456375122	0.18165090680122375	0.0861770436167717	-0.036467961966991425	0.18307900428771973	0.10187471657991409	0.048748720437288284	-0.16768351197242737	0.06880677491426468	-0.06120795011520386	-0.11620408296585083	-0.11851809918880463	-0.09404510259628296	-0.18282203376293182	0.09863108396530151	0.05633211135864258	-0.23096805810928345	-0.1180710718035698	0.07106928527355194	0.03245622664690018	-0.049248240888118744	-0.30974647402763367	-0.10244768112897873	-0.21817030012607574	0.267473429441452	0.31662261486053467	-0.26194342970848083	0.08533988147974014	0.15074828267097473	0.1315743625164032	0.01793677918612957	-0.08283933997154236	-0.2676714360713959	0.2668743133544922	0.03936537355184555	-0.2480974644422531	-0.10550736635923386	0.0731850191950798	-0.29413118958473206	0.2610797584056854	-0.033987343311309814	-0.1483118087053299	0.026342665776610374	-0.014987478964030743	-0.34987086057662964	-0.33854058384895325	0.07584433257579803	0.051982101052999496	-0.17771326005458832	-0.16756591200828552	-0.13286638259887695	0.11370407789945602	-0.02685724012553692	-0.10910932719707489	-0.09875800460577011	-0.07375398278236389	-0.1089228168129921	-0.33089205622673035	-0.19673293828964233	0.05880909785628319	-0.2590620219707489	0.01804569736123085	-0.046587586402893066	-0.12969055771827698	0.08441145718097687	-0.024795521050691605	0.2725769877433777	0.1211327388882637	-0.1651761680841446	0.06735403090715408	0.3088260889053345	0.10541322827339172	0.11733908951282501	-0.029814142733812332	0.007288765627890825	-0.11968676745891571
0.0982738509774208	-0.01285164151340723	-0.01817629113793373	0.18825310468673706	0.04904799535870552	-0.001880983472801745	-0.14168033003807068	-0.12621550261974335	0.1014651358127594	0.028743557631969452	0.1506311595439911	-0.06582492589950562	-0.1267954558134079	-0.17561694979667664	-0.09411216527223587	-0.009003954008221626	-0.1316038817167282	0.01259414479136467	-0.04029811918735504	-0.009397409856319427	0.06272641569375992	0.12864886224269867	-0.07590349018573761	-0.0859571322798729	0.07581527531147003	0.19877801835536957	-0.05895761027932167	0.054209861904382706	0.1469920128583908	0.0031840999145060778	0.15282152593135834	-0.12805476784706116	0.1852446347475052	-0.0620378814637661	0.0558479018509388	0.20283523201942444	0.08678135275840759	0.06681513786315918	0.017696555703878403	0.10101870447397232	-0.04114774614572525	0.1283731758594513	-0.07702488452196121	0.20589406788349152	0.1460539698600769	0.20410026609897614	-0.16759128868579865	-0.12362585216760635	-0.11335377395153046	-0.09200938045978546	0.014485019259154797	-0.07196537405252457	-0.07654901593923569	-0.1836615800857544	0.16324347257614136	0.0648944079875946	-0.11577445268630981	-0.11356700211763382	0.177535742521286	0.06435710936784744	-0.012345333583652973	-0.12337971478700638	0.04842083901166916	0.05306198075413704	0.10932216048240662	-0.10368569195270538	0.04474100470542908	-0.15445749461650848	-0.17333684861660004	-0.16485922038555145	0.132835254073143	0.1733214557170868	-0.07009530812501907	-0.14350169897079468	0.16971655189990997	-0.010316561907529831	0.05098247900605202	-0.17187534272670746	0.031751152127981186	0.12598934769630432	0.04171815887093544	-0.05376650020480156	-0.1395101547241211	0.12555092573165894	-0.21655625104904175	-0.13881157338619232	-0.08771400898694992	-0.06124194711446762	0.1471225619316101	0.07189171016216278
0.08597099781036377	-0.001158015220426023	-0.0762488842010498	0.19418177008628845	0.012915962375700474	0.16475728154182434	0.02710108272731304	-0.03868376091122627	0.06747515499591827	-0.1335165649652481	0.1928737759590149	-0.024694358929991722	0.01576119102537632	-0.08236865699291229	-0.267729789018631	-0.31287842988967896	0.13146844506263733	0.02206462435424328	0.1207677349448204	-0.1928718239068985	-0.22919881343841553	0.33413419127464294	-0.1727290004491806	0.04642496258020401	-0.3567337095737457	-0.12009122967720032	-0.23881982266902924	0.27169737219810486	-0.13946747779846191	-0.10776424407958984	-0.01188907865434885	-0.024872059002518654	0.24148614704608917	0.22356021404266357	-0.008210839703679085	0.02089211344718933	-0.1980307698249817	0.06907197833061218	-0.03878111392259598	-0.055426452308893204	0.030751777812838554	0.2322724163532257	0.00163073290605098	0.1403413563966751	-0.2096199244260788	0.08222834765911102	0.03831752762198448	-0.13099145889282227	0.01679113879799843	-0.16365399956703186	0.05845167487859726	0.019044814631342888	0.27018359303474426	-0.10704611986875534	-0.2420870065689087	0.17471227049827576	0.15883465111255646	-0.32387375831604004	0.3596077859401703	0.17140939831733704	-0.009797989390790462	-0.2754606604576111	0.2896912097930908	0.24489711225032806	0.2912270426750183	-0.0440603643655777	-0.12402563542127609	0.08169570565223694	-0.2790161073207855	-0.08264566212892532	-0.09531582146883011	0.264828085899353	0.2352432906627655	0.06998119503259659	0.22506004571914673	-0.17155613005161285	-0.2209623157978058	-0.2206895798444748	-0.24993959069252014	0.40181964635849	-0.15844663977622986	0.13136303424835205	0.27027663588523865	0.039110273122787476	0.023778967559337616	0.40400230884552	0.05369490012526512	0.3135371506214142	-0.165868878364563	-0.09311403334140778
-0.2597416043281555	-0.1037590503692627	-0.09431185573339462	0.16137051582336426	0.1812938153743744	0.0074462597258389	0.18125228583812714	-0.09604284912347794	0.058120179921388626	0.05265805125236511	-0.120441734790802	0.1150921881198883	-0.003400459187105298	-0.05514968931674957	0.0994066447019577	0.03137657791376114	-0.08666276931762695	0.2303825467824936	-0.09155458211898804	0.033850692212581635	0.19014853239059448	-0.21791523694992065	0.3242497146129608	-0.12408372014760971	0.11503584682941437	0.09961340576410294	-0.07106789201498032	0.022368114441633224	0.3042312562465668	0.0466638058423996	-0.10308202356100082	-0.008052135817706585	-0.09278547018766403	-0.06794538348913193	-0.2258329838514328	-0.18584561347961426	0.3870770037174225	-0.1690373569726944	0.17326277494430542	0.22137704491615295	-0.2517630457878113	-0.022142227739095688	-0.03304404392838478	0.1271754801273346	0.3299415707588196	-0.13627587258815765	-0.3811190128326416	0.18684670329093933	0.008146342821419239	-0.2393271028995514	-0.0185406431555748	0.2391708940267563	0.08850278705358505	0.06706494837999344	0.2056959867477417	0.023330090567469597	-0.027714448049664497	-0.14403916895389557	-0.26401934027671814	-0.21234075725078583	0.02073437161743641	0.02583960071206093	-0.3067978322505951	-0.07711975276470184	-0.2308932989835739	-0.22541461884975433	0.056576844304800034	-0.3972131907939911	0.09227360039949417	0.07399182766675949	0.03412893787026405	-0.36570847034454346	-0.08613013476133347	0.19105298817157745	-0.4236340820789337	0.24698509275913239	0.06460519880056381	0.22604656219482422	0.08740860223770142	-0.34185343980789185	0.2490532547235489	-0.28200191259384155	0.1748654544353485	0.13613364100456238	0.033156637102365494	-0.16079220175743103	-0.005355569534003735	-0.2998232841491699	0.3563697934150696	0.1522570699453354
0.10617901384830475	-0.17745567858219147	0.010080190375447273	-0.04620726779103279	0.05808788537979126	-0.11420879513025284	-0.09345169365406036	-0.16032177209854126	-0.051275309175252914	0.2499697506427765	0.25499048829078674	-0.0009721915703266859	0.3498513698577881	0.03609520196914673	-0.15809355676174164	-0.17545199394226074	0.13895051181316376	-0.033974453806877136	-0.037319913506507874	0.007435607258230448	-0.21225371956825256	-0.15332570672035217	0.026122059673070908	-0.070362888276577	0.04467282071709633	-0.11225216835737228	0.17448072135448456	0.12094523757696152	-0.012482414953410625	0.13347697257995605	0.024056946858763695	-0.15712514519691467	0.26215046644210815	-0.2165277600288391	-0.2590482234954834	-0.0734979435801506	-0.013343995437026024	0.2044794261455536	-0.1362459510564804	-0.17357036471366882	-0.05675740912556648	0.16357360780239105	-0.13962304592132568	0.09951092302799225	-0.09245211631059647	-0.16318976879119873	-0.16229119896888733	-0.07011326402425766	-0.03193045035004616	0.03968599811196327	0.002424889011308551	-0.05860059708356857	-0.07750818133354187	-0.0016247110906988382	0.1281658411026001	0.22339661419391632	0.08619041740894318	-0.12096795439720154	0.24543173611164093	0.06542555242776871	0.09575099498033524	-0.08951300382614136	-0.07743531465530396	-0.06443915516138077	0.2537543475627899	0.1209411546587944	0.0005528177716769278	-0.025033311918377876	-0.009109447710216045	-0.04476857930421829	0.20398014783859253	-0.07932040840387344	0.19895532727241516	0.17347624897956848	-0.2671620845794678	0.0606796033680439	-0.05455711856484413	-0.16976939141750336	-0.07386041432619095	0.06661401689052582	0.047410737723112106	-0.09386076033115387	0.25673404335975647	0.052364226430654526	-0.020634157583117485	-0.08957253396511078	-0.23699037730693817	0.01573985628783703	0.02538977935910225	0.06514427065849304
-0.052546244114637375	-0.1719619184732437	0.1038927435874939	0.22652170062065125	-0.2904331684112549	-0.2268424779176712	-0.1760101169347763	0.16201762855052948	-0.12429092824459076	-0.04025186970829964	0.14182502031326294	0.06176472455263138	0.13531306385993958	0.03317514434456825	-0.2399427443742752	-0.0007688816403970122	-0.08746400475502014	0.11035912483930588	0.046116020530462265	-0.16032294929027557	-0.032161373645067215	-0.30143266916275024	-0.116970494389534	0.07023778557777405	0.16088038682937622	-0.12013818323612213	-0.04115928336977959	0.015446735545992851	-0.11056255549192429	-0.04809968173503876	-0.2482755035161972	-0.28857073187828064	0.002704621059820056	0.13200725615024567	0.007266288623213768	0.19349633157253265	-0.06467552483081818	-0.008944336324930191	0.0938785970211029	0.16385743021965027	-0.016874346882104874	-0.2086407095193863	0.1315026581287384	0.02399872988462448	-0.16694334149360657	-0.07670919597148895	0.31417348980903625	0.14499716460704803	-0.13478298485279083	0.1508762240409851	-0.20396418869495392	-0.09727810323238373	0.0899692252278328	-0.2089187651872635	0.155151829123497	0.07805508375167847	0.016325028613209724	-0.19657951593399048	-0.003899643663316965	-0.14937181770801544	-0.08507020026445389	-0.03481510281562805	0.061502598226070404	0.05608640983700752	0.257046639919281	0.03253591060638428	-0.24768730998039246	0.24906569719314575	-0.18576040863990784	0.30645227432250977	0.11335621029138565	-0.13211466372013092	-0.0879283919930458	-0.264761745929718	-0.05526568740606308	-0.1437850445508957	-0.02185053564608097	0.07548058778047562	-0.03698660433292389	-0.07885147631168365	0.09967175126075745	-0.2783465087413788	0.0006314888596534729	-0.11480530351400375	0.042407456785440445	-0.10715845227241516	-0.09857715666294098	-0.011512995697557926	-0.08790724724531174	0.06580066680908203
0.015713129192590714	0.03951222822070122	0.018404418602585793	0.33360952138900757	-0.0411316342651844	0.07242295891046524	0.027783578261733055	0.04002039134502411	-0.13902918994426727	0.06604242324829102	0.131332129240036	-0.011256936006247997	0.01343962736427784	-0.19078142940998077	-0.15677620470523834	0.008524687960743904	0.07636033743619919	-0.26162269711494446	-0.0892164558172226	-0.05842991918325424	-0.16211017966270447	-0.060599878430366516	-0.011037190444767475	0.11797438561916351	-0.047236740589141846	0.16254132986068726	0.2839449644088745	-0.024762481451034546	0.0726265087723732	-0.13286422193050385	0.042950648814439774	0.014127840287983418	0.09693916141986847	-0.12004496157169342	-0.08588642627000809	0.013003728352487087	-0.05647187680006027	0.17183707654476166	0.09815958142280579	0.142144575715065	-0.16554078459739685	0.13815993070602417	-0.09359253942966461	0.0834004133939743	0.15808053314685822	-0.21876735985279083	-0.2073459029197693	0.1385781317949295	-0.15131042897701263	0.11932837963104248	-0.07426571100950241	-0.23936641216278076	0.2038063406944275	0.10289705544710159	-0.0729224756360054	-0.084008127450943	-0.10509852319955826	0.028002087026834488	0.18612000346183777	-0.21260562539100647	-0.02880145236849785	0.18757842481136322	-0.03274662420153618	0.2416553646326065	0.0438351072371006	0.14567402005195618	0.08223918080329895	0.16390269994735718	0.09118672460317612	0.047720640897750854	0.20687541365623474	0.052506379783153534	-0.06218799948692322	0.0702504962682724	-0.16146236658096313	-0.17708687484264374	-0.06208844482898712	-0.14104750752449036	-0.11164003610610962	-0.15127483010292053	0.2143004834651947	-0.27608218789100647	0.12586988508701324	0.1612173467874527	0.09705330431461334	0.19082273542881012	-0.10874547064304352	-0.11830473691225052	-0.017989227548241615	-0.021373575553297997
0.17953753471374512	-0.09008509665727615	0.3620803654193878	0.08492309600114822	0.01996956206858158	-0.12903697788715363	-0.15885712206363678	-0.002554611535742879	-0.02974681183695793	0.04741857573390007	0.2582601010799408	0.11017318069934845	0.044817473739385605	0.050798118114471436	-0.20235894620418549	-0.24290288984775543	0.009494325146079063	-0.23716822266578674	0.17929086089134216	0.1414312869310379	-0.16484235227108002	0.04292196407914162	0.23304370045661926	0.19277015328407288	0.06009971722960472	0.061647456139326096	-0.143207848072052	0.26458480954170227	0.12035991251468658	-0.2948445677757263	-0.1268758773803711	-0.2563323974609375	0.09107373654842377	0.11903037130832672	0.005410847254097462	0.08930612355470657	0.0543552041053772	-0.07429511845111847	0.1602996438741684	0.20801179111003876	0.06517491489648819	-0.030660180374979973	-0.16110633313655853	0.23720696568489075	-0.05545549467206001	-0.055540308356285095	0.09067926555871964	0.22475560009479523	-0.15368126332759857	-0.20929241180419922	-0.23105230927467346	-0.10764238983392715	0.10754264891147614	0.055926427245140076	0.19953158497810364	0.008802997879683971	0.04153575003147125	-0.1810476928949356	0.08032634109258652	-0.07571057975292206	-0.2015710026025772	0.01019933819770813	0.08987115323543549	0.23142732679843903	0.2601570785045624	0.08207972347736359	-0.020392611622810364	0.05999640002846718	0.043464165180921555	0.21127711236476898	-0.1305752545595169	0.004431340843439102	-0.1205330491065979	-0.14973318576812744	0.10477791726589203	-0.036231666803359985	0.12649919092655182	-0.11702612042427063	0.02658306621015072	-0.14273038506507874	-0.04844588413834572	-0.0679468959569931	0.24260582029819489	0.1687697470188141	-0.21195803582668304	0.06735898554325104	-0.25813955068588257	0.03331916406750679	0.019765667617321014	-0.27047234773635864
-0.07614125311374664	-0.039276715368032455	-0.051002997905015945	0.3130963146686554	0.07923167943954468	0.18295910954475403	-0.1626156121492386	-0.0432400107383728	-0.062278300523757935	-0.05386531725525856	0.17011700570583344	-0.10123221576213837	-0.03123396821320057	0.08361517637968063	0.1103004515171051	-0.21226556599140167	0.039175957441329956	-0.03270187973976135	0.23360662162303925	-0.1896437555551529	-0.07723581790924072	-0.05524323508143425	0.13086141645908356	0.041055236011743546	-0.0825348049402237	-0.25245341658592224	-0.015261509455740452	0.32104629278182983	-0.1294431984424591	0.12050875276327133	0.2270834892988205	0.06953561305999756	-0.09848935902118683	0.0349256806075573	-0.043533291667699814	-0.07515054196119308	0.020600812509655952	0.1771995723247528	-0.07454074174165726	0.16897174715995789	-0.17417292296886444	-0.03912271931767464	-0.017385458573698997	0.13245543837547302	0.09634966403245926	0.07261835783720016	0.02702363207936287	0.22502145171165466	0.0944785550236702	0.19173955917358398	0.0553143285214901	-0.25781410932540894	0.26965728402137756	-0.13785433769226074	0.3093705177307129	-0.05790247023105621	-0.13575603067874908	-0.1818753331899643	0.17989581823349	-0.10097386687994003	0.06452324986457825	-0.18087555468082428	0.09391193091869354	0.12362847477197647	-0.05957848206162453	0.20409145951271057	0.039080552756786346	0.1951454132795334	-0.046249352395534515	0.2608807384967804	-0.07722164690494537	-0.0953129306435585	0.01580611802637577	-0.10656176507472992	-0.02670047990977764	-0.2851584255695343	-0.1244647353887558	-0.02214175835251808	-0.35519757866859436	0.1305728703737259	0.007325413636863232	0.18498972058296204	0.18665191531181335	0.07474801689386368	-0.017783144488930702	0.17324286699295044	-0.24161353707313538	-0.18756726384162903	-0.037199221551418304	-0.21184711158275604
0.23701472580432892	0.23022808134555817	0.1801280826330185	0.2900988757610321	-0.12377993017435074	0.050107888877391815	-0.18580669164657593	0.041848599910736084	-0.24012437462806702	0.001005097758024931	0.2508283257484436	0.003584118327125907	0.08455836772918701	-0.0733489990234375	-0.1430414468050003	-0.15989090502262115	-0.05902042239904404	-0.09999731928110123	0.12997180223464966	0.020878268405795097	-0.33220404386520386	-0.018870467320084572	0.10254476964473724	-0.20888982713222504	-0.2989090383052826	0.20651060342788696	-0.11641233414411545	0.22286838293075562	0.15844428539276123	0.121761754155159	0.061903998255729675	-0.057453278452157974	0.20394761860370636	-0.02041950635612011	-0.09679506719112396	-0.0214840080589056	0.016035733744502068	0.2816934585571289	-0.14679467678070068	0.17288802564144135	-0.05725003033876419	0.20657941699028015	-0.20676296949386597	0.0378066822886467	-0.053954966366291046	0.1685984581708908	-0.15900912880897522	-0.10188793390989304	-0.07674066722393036	0.021612931042909622	0.0023943232372403145	0.06398079544305801	0.21921144425868988	-0.07482961565256119	0.0875401645898819	-0.059036191552877426	0.1851874589920044	-0.24739116430282593	-0.07919146120548248	0.04271651804447174	-0.1056605726480484	0.20216040313243866	0.08347281068563461	-0.09399978071451187	0.21619164943695068	0.005578098352998495	-0.07380858808755875	-0.07644069194793701	-0.1969842165708542	-0.09917158633470535	0.18896448612213135	-0.0753372311592102	-0.0491483099758625	0.12469781935214996	0.03902122750878334	0.10170787572860718	-0.1410721391439438	-0.005977813154459	-0.02373567596077919	-0.14187905192375183	0.279551237821579	-0.00905981007963419	0.25309982895851135	0.015685448423027992	0.20786790549755096	-0.038171328604221344	-0.20484480261802673	-0.08471229672431946	-0.042642779648303986	-0.2804640829563141
0.08974578976631165	0.1378386914730072	0.009211808443069458	0.23205062747001648	-0.12401287257671356	-0.08666671067476273	-0.254975825548172	0.09469130635261536	0.01028313860297203	0.018408458679914474	0.012680350802838802	-0.11769462376832962	0.07745987921953201	-0.10728272795677185	-0.09125158190727234	-0.16659744083881378	-0.062335219234228134	-0.3350221514701843	0.15536616742610931	-0.17735539376735687	-0.22205017507076263	-0.015900226309895515	-0.02103254199028015	-0.1968112289905548	-0.2537205219268799	0.11643895506858826	0.10274187475442886	0.11779389530420303	0.07234440743923187	-0.1802019327878952	0.1071980744600296	-0.09226591140031815	0.2220739722251892	0.12941506505012512	0.15267713367938995	0.11852089315652847	-0.04615047574043274	0.18223728239536285	-0.009342559613287449	-0.02921622060239315	0.03569881245493889	0.02641437202692032	0.004501769784837961	0.1879894733428955	-0.021970318630337715	0.22840051352977753	0.1839686781167984	-0.09057100117206573	-0.1011342704296112	-0.004979767370969057	-0.14335748553276062	0.008210544474422932	0.19857558608055115	0.11657701432704926	0.0967487171292305	0.02927178144454956	-0.037269625812768936	-0.257033109664917	0.2758854925632477	0.08934403210878372	0.13098761439323425	0.16896867752075195	0.1260206550359726	0.2894209325313568	0.1004636138677597	-0.16590456664562225	0.11244113743305206	0.2015128880739212	0.06679484248161316	-0.03224897384643555	-0.04171960800886154	0.0024703294038772583	0.17315901815891266	0.021186651661992073	0.13301238417625427	0.08261842280626297	0.1421334594488144	-0.08426056057214737	-0.22130350768566132	0.16701921820640564	0.034845661371946335	-0.03659830242395401	0.14220517873764038	-0.05271712690591812	-0.024737175554037094	0.07039204239845276	-0.15671122074127197	0.17467887699604034	0.0038021935615688562	-0.2117951512336731
0.2481105625629425	-0.17247162759304047	-0.24245239794254303	-0.08522938936948776	0.08208167552947998	0.20822130143642426	-0.0818728655576706	-0.0030563727486878633	0.12403181940317154	-0.262564480304718	0.051086340099573135	0.11409536749124527	-0.0035894124303013086	-0.28705134987831116	0.09676194936037064	0.18673337996006012	-0.21403944492340088	-0.11788510531187057	0.01896418258547783	-0.14013518393039703	-0.003617172595113516	0.05601881816983223	0.2530125379562378	0.2819049656391144	0.24362899363040924	0.039734095335006714	0.13176053762435913	-0.07717325538396835	0.10627346485853195	-0.24124597012996674	-0.2554819583892822	-0.19645491242408752	0.06376216560602188	-0.22672846913337708	0.13841015100479126	-0.165236696600914	0.19196616113185883	0.17856663465499878	0.03182822838425636	-0.053621988743543625	-0.01974540948867798	0.1321631669998169	0.013069014064967632	0.28824809193611145	0.17271341383457184	-0.22844871878623962	-0.24198611080646515	0.04881604015827179	-0.23470674455165863	-0.07674525678157806	-0.054798673838377	0.19123981893062592	0.0038073761388659477	0.20602421462535858	0.04668786749243736	0.2689681351184845	0.09819439798593521	-0.20284709334373474	0.11838776618242264	-0.029026824980974197	-0.14107660949230194	0.13341791927814484	-0.006125743966549635	0.02414659969508648	-0.11586778610944748	0.04947775974869728	-0.243785560131073	-0.1918913722038269	-0.12840858101844788	-0.20492298901081085	0.2971040904521942	-0.08423454314470291	-0.056540340185165405	-0.2508627772331238	-0.12294703722000122	0.1615632325410843	0.2110562026500702	0.13372865319252014	-0.0986669585108757	-0.09174394607543945	0.31584662199020386	0.06166237220168114	0.040107809007167816	0.3412349224090576	-0.05564628913998604	-0.18294869363307953	0.027510495856404305	0.01827143505215645	0.1878553330898285	-0.1615206003189087
-0.3496917188167572	0.324576199054718	0.03054424561560154	0.08433589339256287	-0.11767271161079407	-0.26454341411590576	0.1271037459373474	-0.3770076632499695	0.01220476534217596	-0.043776754289865494	-0.3223519027233124	0.13232719898223877	0.0689304769039154	-0.07116112858057022	0.003360422793775797	0.038403406739234924	0.19841724634170532	0.03103635087609291	-0.11369309574365616	0.05044388398528099	0.1201016902923584	0.12677335739135742	0.061514101922512054	-0.1908705085515976	0.1323619782924652	-0.02182191237807274	0.02958446741104126	-0.14765436947345734	0.03432060033082962	-0.040808964520692825	0.013818754814565182	0.03241688758134842	0.05798482522368431	-0.02333739586174488	-0.1368049830198288	-0.37562209367752075	0.272564172744751	-0.18410997092723846	0.17268599569797516	-0.22576606273651123	-0.05451032146811485	0.028449876233935356	0.17726707458496094	0.08343647420406342	-0.1792471706867218	-0.09118910878896713	-0.048857033252716064	0.1225999966263771	-0.025734880939126015	0.08827130496501923	0.08337216824293137	0.15053461492061615	-0.09281576424837112	-0.06894679367542267	-0.01680835150182247	-0.1059950515627861	-0.07561827450990677	0.1971554458141327	0.13341204822063446	0.09679146856069565	-0.11150246113538742	0.06994988769292831	0.13550589978694916	-0.09305711090564728	-0.08673878014087677	-0.018612230196595192	0.13968372344970703	-0.1980937272310257	-0.22648029029369354	0.09655643999576569	-0.3146366775035858	-0.047168850898742676	0.05525169521570206	0.20939919352531433	-0.057269446551799774	-0.159982830286026	-0.20739242434501648	-0.03346756100654602	-0.03834547474980354	0.14993590116500854	-0.0029599934350699186	-0.04204205423593521	-0.004761256743222475	-0.10170068591833115	-0.24692121148109436	-0.21884319186210632	-0.1550341695547104	0.06723833829164505	0.08772953599691391	0.2381168156862259
-0.11082092672586441	-0.0670744925737381	-0.2933107018470764	0.02361123077571392	0.06625303626060486	0.23946532607078552	-0.009350811131298542	-0.09869775921106339	0.1539875715970993	0.019943226128816605	0.0642266720533371	0.02790050394833088	-0.24044781923294067	-0.1308450549840927	-0.00851377472281456	-0.13652513921260834	0.092710942029953	0.060635775327682495	-0.010363608598709106	0.06021697819232941	0.2671692967414856	0.20236575603485107	-0.025523928925395012	0.09053651988506317	0.12108396738767624	0.17235401272773743	-0.12839068472385406	0.0686575323343277	-0.04334835708141327	-0.10350809246301651	-0.06582380831241608	0.10057199746370316	0.04173875227570534	-0.2231587916612625	0.3189728260040283	0.13916435837745667	0.14065855741500854	-0.21718843281269073	0.18456435203552246	0.13399387896060944	0.013808154501020908	-0.05944807082414627	0.05609343573451042	-0.13097280263900757	0.09579792618751526	0.03824332356452942	-0.15453703701496124	0.04116159677505493	0.11821252107620239	-0.022302107885479927	0.20253843069076538	0.07315746694803238	-0.02706483006477356	0.13833539187908173	-0.1502891629934311	0.07826442271471024	0.06198383495211601	0.10625172406435013	-0.15873779356479645	-0.05259334668517113	-0.18301555514335632	0.054726313799619675	-0.009568692184984684	0.27250412106513977	0.10187017172574997	0.11192414909601212	0.015958575531840324	-0.05598505213856697	-0.10303747653961182	-0.188695028424263	0.16420969367027283	0.06583011895418167	-0.22129009664058685	-0.07068738341331482	-0.22152845561504364	0.05026479437947273	0.07504706084728241	-0.13420850038528442	-0.051768817007541656	0.013720507733523846	0.11126846820116043	0.059261128306388855	-0.1462666541337967	0.33106330037117004	0.21038918197155	0.08995238691568375	0.22033068537712097	0.3667169213294983	-0.10174441337585449	-0.11240839213132858
-0.03699134290218353	0.04355733096599579	-0.17382118105888367	-0.03575412929058075	0.08431009948253632	-0.09792480617761612	-0.11237882822751999	-0.11540056020021439	-0.10253016650676727	0.147038534283638	-0.19740012288093567	-0.04798957705497742	-0.1295470893383026	-0.19176356494426727	0.010189652442932129	-0.15289244055747986	-0.18423785269260406	-0.04772292077541351	0.15225861966609955	0.17115379869937897	-0.023594290018081665	-0.06969806551933289	-0.17979393899440765	0.1999831646680832	0.18234683573246002	0.04310758411884308	0.06854049861431122	0.16692380607128143	0.023521587252616882	0.1914934366941452	0.13279660046100616	-0.19287869334220886	0.004352673888206482	-0.03668314218521118	0.15649698674678802	-0.19838985800743103	-0.13442954421043396	0.11263255774974823	0.1361076384782791	-0.11438397318124771	-0.16882136464118958	-0.17374581098556519	0.12161435186862946	-0.1672792136669159	0.19031892716884613	-0.18565699458122253	0.17621107399463654	0.040526315569877625	-0.023925945162773132	-0.1632584035396576	-0.05859759449958801	0.05333597958087921	-0.18488310277462006	-0.04297575354576111	0.011435896158218384	-0.17326387763023376	-0.17086398601531982	-0.13901889324188232	-0.003581494092941284	-0.011539816856384277	-0.0071089863777160645	0.1759725958108902	0.06290833652019501	0.02421875298023224	0.09569524228572845	-0.09584839642047882	-0.1672549545764923	-0.18421083688735962	0.06188295781612396	-0.15205822885036469	0.14615567028522491	-0.04229247570037842	-0.10021468997001648	0.1413387805223465	0.08586733043193817	-0.05291156470775604	-0.05029362440109253	-0.1623777449131012	0.0859912782907486	-0.13684439659118652	-0.11115740984678268	-0.16343849897384644	-0.040176257491111755	0.03389395773410797	-0.11024444550275803	-0.04997706413269043	0.09178449213504791	0.012159764766693115	0.04496164619922638	0.11798487603664398
-0.009427678771317005	0.11063262820243835	0.33094626665115356	0.30549120903015137	0.13437682390213013	-0.24839845299720764	-0.17732322216033936	-0.13866038620471954	-0.014523385092616081	-0.22647523880004883	0.14109493792057037	0.24589894711971283	0.26534783840179443	0.22167877852916718	0.12786993384361267	-0.16782218217849731	-0.20382343232631683	-0.19074559211730957	0.10603346675634384	0.09634639322757721	0.027744052931666374	-0.34077534079551697	-0.03850311040878296	0.1547679454088211	-0.03457659110426903	-0.17090292274951935	-0.12844693660736084	0.0069347405806183815	-0.07281441241502762	0.11260136216878891	-0.16009965538978577	-0.0524524562060833	0.17738819122314453	0.09267164021730423	-0.2532328963279724	-0.060433462262153625	0.23470084369182587	0.09660588949918747	-0.024732524529099464	0.0157772209495306	0.1700233817100525	0.2500639259815216	-0.1168539896607399	0.29540833830833435	-0.008922740817070007	-0.17778754234313965	-0.02571939490735531	0.17662641406059265	-0.1125241369009018	-0.17208795249462128	-0.01984715834259987	0.15713652968406677	0.0909728854894638	-0.04611707478761673	0.23696734011173248	-0.12160065770149231	0.05365023761987686	-0.12358226627111435	-0.04955371469259262	0.06570173054933548	-0.010644420981407166	0.04419635608792305	-0.04536796361207962	-0.04212763160467148	0.2504699230194092	0.14905573427677155	0.15143397450447083	0.051032163202762604	-0.19312068819999695	0.042312223464250565	0.02086881920695305	-0.15822862088680267	-0.14797887206077576	-0.14520201086997986	-0.016025785356760025	-0.23035599291324615	0.17949612438678741	-0.08959239721298218	-0.14838223159313202	0.07235193997621536	0.24166110157966614	0.04243530333042145	-0.021126681938767433	0.15566647052764893	-0.15627917647361755	-0.3463991582393646	-0.305395245552063	-0.18474936485290527	0.15952110290527344	-0.06494981795549393
-0.06475836783647537	0.11116498708724976	0.1637144833803177	0.24993856251239777	0.06726521998643875	0.06555734574794769	0.06295820325613022	-0.12256352603435516	-0.1296992301940918	0.020507005974650383	0.11230456829071045	0.15420936048030853	0.25810864567756653	-0.15046800673007965	-0.0015067207859829068	-0.1820114403963089	-0.03791838139295578	0.06705888360738754	-0.004597563296556473	0.12509411573410034	-0.13739728927612305	-0.12830092012882233	0.18787550926208496	0.17075908184051514	-0.15209022164344788	-0.04159465432167053	-0.11016525328159332	0.18371520936489105	-0.07716452330350876	-0.20495697855949402	0.0015949202934280038	-0.26082053780555725	0.22811204195022583	-0.2660178244113922	0.11768782138824463	-0.05921747535467148	-0.21888501942157745	0.3011660575866699	-0.1379636824131012	-0.1822199821472168	0.04109599441289902	0.20916186273097992	-0.1951477974653244	0.15207494795322418	-0.015273143537342548	0.005646104458719492	0.08317708224058151	0.008980800397694111	-0.01137362327426672	0.03249746933579445	-0.11169291287660599	-0.18537858128547668	0.1316758692264557	-0.037538062781095505	0.17967873811721802	-0.1200312003493309	-0.08011563867330551	-0.15988034009933472	0.15191411972045898	-0.12902262806892395	-0.1615178883075714	-0.01802573725581169	-0.0709284245967865	-0.07408465445041656	0.24345411360263824	0.13293063640594482	-0.16568623483181	-0.04956728219985962	-0.30778807401657104	0.09738016128540039	0.08774208277463913	0.08988397568464279	-0.058866314589977264	0.027277547866106033	0.14771756529808044	0.08792206645011902	-0.10595265030860901	-0.13617677986621857	-0.16972528398036957	-0.04129721596837044	0.1834762990474701	0.09702015668153763	-0.0793347880244255	0.10993194580078125	-0.20281757414340973	0.0487157367169857	-0.29558277130126953	0.00742740835994482	0.02650013007223606	0.08896688371896744
-0.001077026128768921	0.01988564431667328	0.17943187057971954	-0.05549611151218414	-0.14129534363746643	-0.010805979371070862	-0.16060620546340942	-0.14511367678642273	0.04566796123981476	-0.16393014788627625	0.06819640100002289	0.09093798696994781	0.003725692629814148	0.12736164033412933	0.06145305931568146	-0.19060052931308746	-0.09371025860309601	-0.06926426291465759	-0.18952886760234833	-0.19904394447803497	0.11212758719921112	-0.20005710422992706	-0.02086038887500763	0.13976965844631195	0.09612880647182465	-0.10529237240552902	0.0595613569021225	0.10262985527515411	-0.057282909750938416	0.15320073068141937	-0.10610739141702652	-0.1564393788576126	-0.015016481280326843	-0.12448060512542725	-0.043738022446632385	-0.10351963341236115	0.05601601302623749	-0.060914695262908936	-0.11350151151418686	0.028757929801940918	-0.1564122438430786	0.00495794415473938	0.11767219007015228	0.13273988664150238	-0.11274005472660065	-0.12640947103500366	0.15468411147594452	-0.07353529334068298	-0.1423029601573944	-0.10368742048740387	0.18758021295070648	-0.1118619367480278	-0.13621169328689575	-0.06081148982048035	0.10335759818553925	0.1766035407781601	0.12126101553440094	-0.025015339255332947	-0.0002733170986175537	-0.06123550236225128	-0.15571622550487518	0.18994192779064178	0.13668988645076752	0.10796566307544708	0.1503930240869522	0.18270547688007355	-0.04145480692386627	0.14099709689617157	0.11576642096042633	-0.07598529756069183	-0.10592131316661835	-0.06898470222949982	-0.04701504111289978	0.027767136693000793	0.13827525079250336	0.17471204698085785	0.12363676726818085	-0.12641137838363647	0.14448384940624237	0.13209150731563568	0.07863758504390717	0.13478250801563263	-0.15336622297763824	-0.05029994249343872	-0.1819823980331421	0.10223911702632904	0.12796248495578766	-0.10434523224830627	0.03085574507713318	-0.012636691331863403
0.1360982358455658	0.10828755795955658	0.13498277962207794	0.10152538865804672	-0.07189162820577621	-0.06730552762746811	-0.27000677585601807	-0.11508853733539581	0.005314723588526249	-0.19105421006679535	0.16473422944545746	-0.12223950028419495	0.20777033269405365	-0.04313389211893082	0.006647801026701927	-0.2917412221431732	0.011052560992538929	-0.1624709814786911	0.05864096060395241	-0.1590733677148819	-0.10179568082094193	-0.1326056867837906	0.014123515225946903	0.11919298768043518	-0.25592347979545593	0.12269608676433563	0.13956500589847565	0.1698843240737915	0.15320684015750885	-0.01724971830844879	-0.15641772747039795	-0.007917500101029873	0.01949196308851242	-0.07344100624322891	-0.08455368876457214	0.0681927353143692	0.1530369073152542	0.23267070949077606	-0.07062827795743942	-0.14335286617279053	-0.13830186426639557	-0.026360131800174713	-0.06084936857223511	0.2834627032279968	0.23454773426055908	0.023808758705854416	0.05394897609949112	-0.026594815775752068	0.014209202490746975	-0.07789935916662216	-0.0746624544262886	-0.15966324508190155	-0.041168563067913055	0.05469607189297676	0.02045554481446743	0.043539125472307205	-0.16105376183986664	0.005059612449258566	0.1522892266511917	0.03545793145895004	-0.24644315242767334	-0.13641922175884247	0.046588003635406494	0.23785506188869476	0.16208791732788086	-0.25414279103279114	-0.12558016180992126	0.15126793086528778	-0.22139385342597961	0.20211024582386017	0.1937810778617859	-0.16601048409938812	0.20955289900302887	0.06042685732245445	0.1477058231830597	0.02750616893172264	0.10843855142593384	0.07532908767461777	-0.0012879074783995748	0.025581449270248413	-0.008830295875668526	0.23857809603214264	-0.01685390993952751	0.02376803755760193	0.10441098362207413	0.09524018317461014	-0.21119913458824158	-0.0782049372792244	0.14116248488426208	-0.22365574538707733
-0.030531588941812515	-0.037774745374917984	-0.001832757145166397	0.3233169615268707	0.17891822755336761	-0.04011417552828789	-0.03997185081243515	-0.12349381297826767	-0.2854112982749939	0.0991571918129921	-0.12097835540771484	0.28725460171699524	0.29986467957496643	-0.14435259997844696	0.2637810707092285	0.1437232345342636	-0.21249838173389435	4.081176302861422e-05	0.06302081793546677	0.2165432721376419	-0.013226554729044437	-0.24553272128105164	0.12632757425308228	-0.13828153908252716	-0.03401210904121399	-0.19911867380142212	0.04793363809585571	-0.20047597587108612	0.2323632687330246	-0.22679921984672546	-0.2354923039674759	-0.20305973291397095	0.23056460916996002	0.027649331837892532	-0.32691872119903564	0.02244829200208187	0.36990973353385925	0.18574026226997375	0.04708012938499451	0.2726752460002899	-0.07737433910369873	0.21470914781093597	0.07652505487203598	0.47068288922309875	0.05414404720067978	-0.13952332735061646	0.028051035478711128	0.19322480261325836	0.06370633840560913	-0.1080523431301117	-0.1844455599784851	0.059260718524456024	-0.19099709391593933	0.10038101673126221	0.12142729014158249	-0.2931220829486847	-0.21941618621349335	0.011016476899385452	-0.2071148306131363	0.11424931138753891	-0.15744590759277344	0.21489937603473663	-0.16974568367004395	0.09029507637023926	-0.2464979887008667	-0.20003993809223175	-0.24545368552207947	-0.10239095240831375	0.10902152210474014	0.22384081780910492	0.13219960033893585	-0.05586812272667885	0.11399324238300323	-0.008936092257499695	-0.13993887603282928	0.025005463510751724	0.05216120183467865	-0.019215010106563568	-0.10285362601280212	-0.12573303282260895	0.253883957862854	-0.10608132928609848	-0.13857711851596832	0.30597415566444397	0.047266799956560135	-0.3210401237010956	-0.27340540289878845	-0.45068439841270447	0.27284571528434753	-0.004721988458186388
0.07152701914310455	0.11520804464817047	0.08302290737628937	-0.06379662454128265	-0.19714617729187012	0.10338865220546722	0.17311455309391022	0.11942003667354584	-0.0679778903722763	0.17661131918430328	-0.0028500109910964966	-0.034752845764160156	0.05841158330440521	0.08300955593585968	-0.16526806354522705	0.16770623624324799	0.012242943048477173	-0.031179890036582947	0.10152788460254669	0.2032400220632553	-0.17066854238510132	-0.14770156145095825	0.004078403115272522	0.10696567595005035	-0.06280411779880524	-0.07336392998695374	-0.11387665569782257	-0.11022105067968369	-0.018038004636764526	-0.0243227481842041	0.09725131094455719	-0.16219358146190643	-0.10659141093492508	-0.20517516136169434	-0.17111238837242126	0.15466125309467316	-0.20061224699020386	0.06408350169658661	0.011211857199668884	0.18980057537555695	0.20363186299800873	-0.18534544110298157	0.1505996435880661	0.07091249525547028	-0.1877826303243637	-0.05922602117061615	-0.09276259690523148	0.11066959798336029	-0.11984121799468994	-0.13444507122039795	-0.06272201240062714	0.15304045379161835	0.11060579121112823	-0.13836175203323364	0.029290154576301575	0.1474984735250473	0.06892095506191254	-0.029607072472572327	0.1778666228055954	-0.007561773061752319	-0.04836392402648926	0.05592949688434601	-0.17343589663505554	0.010815918445587158	0.1836705058813095	-0.20428113639354706	-0.1984911859035492	0.10875771939754486	0.031036853790283203	0.006904765963554382	-0.006534963846206665	-0.13108190894126892	0.035732805728912354	-0.20613257586956024	-0.17119508981704712	-0.20258627831935883	-0.06558749079704285	-0.01711013913154602	-0.1724763810634613	0.19820378720760345	0.07104311883449554	0.1626179963350296	-0.06666712462902069	0.043115779757499695	0.026774898171424866	-0.0684031993150711	0.06731830537319183	-0.06287959218025208	0.15348760783672333	0.13114528357982635
-0.03023926168680191	-0.025392651557922363	-0.02351408265531063	0.15404276549816132	0.006143780890852213	-0.08689887076616287	0.15586723387241364	-0.25818294286727905	-0.10508253425359726	-0.22197775542736053	-0.22643060982227325	0.22482550144195557	0.11800147593021393	0.24028988182544708	0.09304726123809814	0.11744403839111328	0.11749773472547531	0.19570408761501312	-0.28675100207328796	0.1875833421945572	0.0849822461605072	-0.06837896257638931	-0.0937947928905487	0.10627542436122894	0.040188200771808624	-0.16465334594249725	-0.029721766710281372	-0.13392162322998047	-0.20748746395111084	-0.1545058935880661	-0.15440398454666138	-0.03344595432281494	-0.0805642157793045	0.1925092339515686	-0.3592028319835663	-0.12682783603668213	0.06571315973997116	-0.2522256374359131	0.13766853511333466	-0.12929552793502808	0.041547518223524094	0.1348542720079422	0.12356161326169968	0.0004236008389852941	-0.02311539091169834	-0.05248993635177612	0.24842509627342224	0.1961470991373062	-0.07801505923271179	-0.014699502848088741	-0.23774802684783936	-0.01799614727497101	0.013897575438022614	-0.2000490128993988	0.23406602442264557	-0.013958137482404709	-0.15633876621723175	0.16663184762001038	-0.042186982929706573	-0.05698457360267639	0.05981751158833504	0.14728598296642303	0.08704503625631332	-0.12450026720762253	0.24529379606246948	-0.11228550225496292	-0.1644294112920761	0.12514036893844604	0.15359793603420258	0.16585595905780792	-0.22168253362178802	-0.04114291071891785	0.16303955018520355	0.07607033848762512	-0.21104806661605835	-0.17832441627979279	0.000981561141088605	-0.20401544868946075	0.27751868963241577	-0.045230187475681305	-0.23512133955955505	0.05089975520968437	0.08380068838596344	0.024777626618742943	0.1640644669532776	0.03151623532176018	-0.017731530591845512	0.019151682034134865	-0.10154963284730911	0.14082840085029602
0.20975258946418762	-0.25892820954322815	0.024889837950468063	-0.01858200505375862	-0.18591809272766113	0.05989578738808632	0.04215918481349945	-0.04990827664732933	-0.16671936213970184	-0.25314751267433167	0.08631688356399536	0.09914162009954453	-0.4185369312763214	-0.1727532297372818	0.0010032870341092348	0.11835853010416031	0.2920001745223999	0.048775989562273026	0.15949982404708862	-0.06123705580830574	0.12310011684894562	-0.01725357584655285	0.050212934613227844	-0.029143894091248512	0.020074164494872093	-0.056038692593574524	0.08126604557037354	-0.00011036457726731896	0.1036188080906868	-0.10857122391462326	0.1755521297454834	0.2147049903869629	-0.004973295610398054	0.05285809561610222	0.025956595316529274	0.053801003843545914	-0.11895708739757538	0.03363322094082832	0.1363213211297989	-0.17518974840641022	-0.20248624682426453	-0.35765835642814636	-0.2521616518497467	0.09736143797636032	0.06669214367866516	-0.3406243920326233	0.0484897717833519	-0.03629009425640106	0.01588875986635685	0.15560610592365265	0.2766972780227661	-0.035288915038108826	0.11098835617303848	0.360382080078125	0.011237023398280144	0.0816265195608139	0.1749996691942215	0.07000995427370071	-0.060352057218551636	-0.017086898908019066	-0.113764189183712	-0.15699510276317596	-0.11299505084753036	-0.3220198154449463	-0.014410838484764099	0.13872957229614258	0.2039119452238083	-0.07683757692575455	-0.02194509655237198	-0.07351420819759369	0.16929490864276886	-0.3062194585800171	-0.22591350972652435	-0.19995246827602386	0.24894118309020996	0.012917040847241879	0.1904139369726181	0.05841344967484474	0.06587938964366913	0.14043202996253967	0.07038740813732147	-0.11545059084892273	-0.28872379660606384	0.2056201845407486	0.029967371374368668	-0.09558380395174026	0.10443585366010666	0.06791982799768448	0.03658334165811539	0.00034419025178067386
0.10915634781122208	-0.1502228081226349	-0.00926177203655243	0.0032140451949089766	0.04854695871472359	-0.062039703130722046	0.10048439353704453	0.06588669866323471	0.04850434884428978	0.11470811814069748	-0.13485132157802582	0.268311083316803	0.017198901623487473	-0.11204777657985687	-0.07533159106969833	0.0003590710402932018	0.08215028047561646	-0.07872499525547028	0.06183498725295067	-0.00500080082565546	0.21855458617210388	-0.0829768180847168	0.32071080803871155	0.0983029305934906	0.06875769793987274	0.1999015361070633	0.14688445627689362	-0.027702221646904945	0.4193740487098694	-0.15917599201202393	0.024476023390889168	-0.12760736048221588	0.05036190524697304	-0.04898395761847496	0.11572029441595078	-0.11825870722532272	0.08830917626619339	-0.24249736964702606	0.1740463823080063	0.07169543206691742	0.12223558872938156	0.16132710874080658	-0.19921855628490448	-0.045476749539375305	0.17837552726268768	-0.12862634658813477	-0.1576823741197586	0.21371635794639587	-0.1513766050338745	-0.16751444339752197	-0.03586718067526817	-0.13992585241794586	-0.026426786556839943	0.014294835738837719	0.15360614657402039	0.08992660045623779	-0.14596332609653473	-0.05314486473798752	-0.15909713506698608	-0.06612621247768402	0.11249112337827682	0.11343637108802795	-0.11466162651777267	-0.16910909116268158	-0.2583051323890686	-0.1760820746421814	0.0014115235535427928	-0.32056695222854614	0.15091903507709503	0.17301695048809052	0.09616748243570328	-0.07866626232862473	-0.14868083596229553	0.14595632255077362	-0.2362949252128601	0.13631097972393036	-0.17261476814746857	0.19679918885231018	0.013229194097220898	0.023327913135290146	0.10859666019678116	-0.08557910472154617	0.04432835429906845	-0.06888769567012787	0.10125637799501419	-0.10592281073331833	0.1739749163389206	-0.09327227622270584	0.2581762373447418	0.11303833872079849
-0.07098127156496048	0.03508013114333153	-0.21812163293361664	0.05167399346828461	0.1058652475476265	0.11441133171319962	-0.12556828558444977	0.0694885402917862	0.28310421109199524	-0.15120553970336914	0.13302414119243622	0.002415428403764963	0.02216886356472969	-0.0683085098862648	0.32670319080352783	-0.058146391063928604	-0.06845440715551376	-0.0281054750084877	0.1025688499212265	0.05620669573545456	0.1362147480249405	0.06834936887025833	0.13653238117694855	0.13737879693508148	-0.033134642988443375	0.2237071543931961	-0.09108982235193253	-0.28852975368499756	-0.006222435273230076	0.07742875814437866	0.13880953192710876	-0.06526615470647812	-0.18833445012569427	0.21651440858840942	-0.03918132185935974	-0.3132671117782593	0.20390824973583221	-0.23598116636276245	0.2662891745567322	-0.15249277651309967	0.012690350413322449	-0.161094069480896	-0.23862303793430328	-0.10726354271173477	0.11775951832532883	-0.2180599719285965	0.05284041538834572	-0.05274948105216026	0.11748656630516052	-0.2103576362133026	0.13334648311138153	0.0003877064445987344	-0.21391531825065613	0.18018224835395813	-0.14100079238414764	0.155873641371727	0.17623211443424225	0.2644974887371063	-0.0003559360920917243	-0.010584881529211998	0.011392653919756413	0.03230883926153183	-0.21584993600845337	-0.14520664513111115	-0.13307145237922668	0.0970984399318695	-0.052699942141771317	0.10598365217447281	-0.1693667322397232	0.05991675704717636	-0.061245132237672806	-0.08317220956087112	-0.23666559159755707	0.0016395377460867167	-0.015043636783957481	0.34419652819633484	0.21406732499599457	0.25528615713119507	-0.1476813554763794	0.015943150967359543	0.002750299172475934	0.08347633481025696	-0.10331033170223236	0.1774650365114212	-0.010733953677117825	-0.03417755663394928	0.028319155797362328	0.16285671293735504	-0.044303037226200104	0.007651030085980892
0.1218620017170906	-0.351197212934494	-0.2402433156967163	0.04650105908513069	-0.22997282445430756	0.06529027968645096	0.19173812866210938	0.10139727592468262	0.1340746283531189	-0.247553288936615	-0.11090125143527985	-0.22577518224716187	-0.18875649571418762	-0.2783963978290558	0.11311204731464386	0.16330783069133759	0.2576136291027069	-0.11296356469392776	0.11833441257476807	-0.09959032386541367	-0.09567896276712418	-0.01734139770269394	0.17959856986999512	0.032849740236997604	0.2159607708454132	-0.06315864622592926	-0.19516313076019287	0.07949811965227127	-0.18859383463859558	-0.13637994229793549	-0.16144171357154846	0.22267581522464752	0.04808126017451286	0.018581796437501907	0.2886385917663574	0.03204360976815224	-0.05034993216395378	-0.20527958869934082	0.2089134007692337	-0.10032135248184204	-0.17437595129013062	-0.1298602819442749	-0.0021369645837694407	-0.22709746658802032	-0.09862950444221497	-0.24240650236606598	-0.05820147693157196	0.00796951912343502	0.1280125081539154	0.18228545784950256	0.08963542431592941	0.11168711632490158	-0.12962454557418823	-0.052374061197042465	0.10514073073863983	0.19018971920013428	0.059049975126981735	0.014345447532832623	0.014821303077042103	0.09355837851762772	0.1573808193206787	-0.15520530939102173	0.008150134235620499	-0.16643519699573517	-0.17141014337539673	0.025277797132730484	-0.003191681345924735	0.0718822032213211	-0.08909279108047485	-0.23115278780460358	0.07624372094869614	0.06792781502008438	-0.16023385524749756	-0.04465677961707115	0.02348698116838932	-0.07549218833446503	0.17532983422279358	0.12956230342388153	0.07619888335466385	0.07544660568237305	-0.2139512151479721	-0.12544652819633484	-0.18592019379138947	0.13627943396568298	0.19621391594409943	-0.01086104940623045	-0.1318722665309906	0.06348548829555511	0.047993842512369156	-0.011783109046518803
0.14771483838558197	-0.052691128104925156	0.16664929687976837	-0.12601755559444427	-0.0070728641003370285	0.08317851275205612	0.046720243990421295	-0.022647080942988396	0.09326265752315521	-0.14220373332500458	-0.11596285551786423	0.09734503924846649	0.18320487439632416	-0.05051318556070328	0.0857144296169281	-0.16107039153575897	-0.12210895866155624	0.15021078288555145	-0.08814267814159393	0.10169616341590881	0.13707008957862854	-0.05126927047967911	0.05937928333878517	-0.08652317523956299	-0.022161921486258507	0.0018876909743994474	-0.08863480389118195	-0.2360193282365799	0.20568391680717468	-0.2129790484905243	0.15437719225883484	0.151734858751297	0.07076529413461685	-0.10133597999811172	-0.23694156110286713	0.025114497169852257	-0.05724816769361496	-0.01718045584857464	-0.05280980095267296	0.12477067857980728	-0.05213664099574089	0.1667170375585556	0.13796158134937286	-0.15816578269004822	-0.14892897009849548	0.04951385408639908	-0.028297647833824158	0.06319592893123627	0.11820113658905029	-0.06735186278820038	-0.20252160727977753	-0.11674714088439941	0.0525638684630394	0.05762873589992523	0.11599903553724289	-0.15517596900463104	-0.14499253034591675	0.022992771118879318	-0.0034914803691208363	0.1170489564538002	-0.14982089400291443	0.10348448157310486	-0.06455884128808975	0.0349588468670845	0.07759363949298859	-0.12735484540462494	0.0431709922850132	-0.022231614217162132	0.08106204867362976	-0.014760793186724186	-0.016554037109017372	-0.08282646536827087	0.22311615943908691	-0.05985818803310394	-0.18573381006717682	0.06792972981929779	-0.1032477393746376	0.05880744755268097	-0.05001916363835335	-0.05715657398104668	0.009860718622803688	-0.11734160035848618	-0.14099307358264923	-0.05224183201789856	-0.08919048309326172	-0.025644097477197647	0.10499916225671768	-0.16331814229488373	0.22003261744976044	-0.10907883197069168
0.2959389090538025	-0.19323508441448212	0.20851139724254608	0.08791320770978928	0.09054957330226898	0.060058195143938065	0.10682030022144318	-0.030601242557168007	-0.13361425697803497	0.060413241386413574	0.02061188966035843	0.19360245764255524	-0.09389648586511612	-0.2063947170972824	-0.0965350940823555	-0.031506117433309555	0.06916923075914383	0.20343117415905	0.11324171721935272	0.0020220826845616102	0.009286105632781982	-0.17132876813411713	0.01755668967962265	0.2256740927696228	-0.13730400800704956	-0.00894230231642723	0.0011355018941685557	0.16015243530273438	0.27882838249206543	-0.07294881343841553	0.03075333684682846	-0.08259011059999466	0.09588447213172913	-0.1735934168100357	0.0666697546839714	-0.01742209494113922	0.2155066728591919	-0.0239384975284338	0.04612777754664421	0.06007891520857811	-0.06841816753149033	-0.039040062576532364	-0.14566034078598022	0.011693478561937809	0.17192816734313965	-0.2276344895362854	-0.23468580842018127	-0.08073309808969498	-0.15550829470157623	-0.030889255926012993	0.13862556219100952	0.14161041378974915	-0.08148215711116791	-0.005818111356347799	0.09533362090587616	0.12541882693767548	-0.1078842282295227	-0.09231928735971451	-0.20409218966960907	-0.22683142125606537	-0.0980796292424202	-0.14203689992427826	-0.10861483216285706	0.005876886658370495	-0.12304064631462097	-0.23034685850143433	-0.061603013426065445	-0.21248272061347961	-0.17603576183319092	-0.1156730055809021	-0.0366939902305603	-0.15612228214740753	-0.028881046921014786	-0.21403369307518005	-0.41815897822380066	0.05491382256150246	-0.014215126633644104	-0.006143638398498297	0.02991071343421936	-0.3349882662296295	0.2187374085187912	-0.12576065957546234	0.1743793785572052	-0.058065082877874374	-0.11272579431533813	-0.036130428314208984	-0.31371450424194336	-0.23343303799629211	0.2288527637720108	-0.13693369925022125
-0.23560501635074615	-0.13662275671958923	0.05883970856666565	0.12877728044986725	0.2410653531551361	-0.03977507725358009	-0.004442907869815826	-0.10030801594257355	-0.11484979838132858	-0.09840675443410873	-0.21524548530578613	0.34703055024147034	-0.030102383345365524	-0.05259091407060623	-0.04586965590715408	0.18839997053146362	-0.058859676122665405	0.20551829040050507	-0.07490101456642151	0.3076814115047455	-0.01484909001737833	-0.1905825138092041	0.2726590633392334	-0.04182620719075203	0.05039878189563751	-0.07338893413543701	-0.23167885839939117	-0.10146516561508179	0.3051857054233551	-0.13587261736392975	-0.23258976638317108	-0.24795907735824585	-0.10852576792240143	0.037886202335357666	-0.2173892855644226	-0.25537779927253723	-0.012090954929590225	-0.1670333296060562	0.3496340811252594	0.07263367623090744	0.06566983461380005	0.023573320358991623	-0.011541677638888359	0.3744422495365143	0.16919633746147156	-0.26490429043769836	-0.3587699234485626	0.21807776391506195	-0.030383890494704247	-0.16309508681297302	0.1745428442955017	0.04938097298145294	-0.0667775496840477	0.07694294303655624	0.12864823639392853	-0.01856961101293564	0.07272236049175262	-0.012786183506250381	-0.08584089577198029	-0.06614900380373001	0.11255750060081482	0.24208486080169678	-0.05057353898882866	-0.16312548518180847	0.006824408192187548	-0.11446769535541534	0.06501659750938416	-0.11294950544834137	0.1292746216058731	-0.08300963789224625	0.044933438301086426	-0.048932772129774094	-0.2715078294277191	-0.1489521861076355	-0.29218989610671997	0.19229619204998016	-0.008175862953066826	-0.038247693330049515	-0.08490967005491257	-0.3427124321460724	0.2482675462961197	0.00030339896329678595	-0.01760605350136757	0.0090187918394804	0.17288978397846222	-0.4100891351699829	-0.0026366342790424824	-0.25632110238075256	0.33128848671913147	0.14461064338684082
0.08505778014659882	-0.09367210417985916	-0.003327891230583191	0.1112137883901596	0.023656770586967468	-0.03302657604217529	-0.19338376820087433	-0.025284036993980408	0.16284622251987457	0.08755563199520111	0.1896769255399704	-0.07367643713951111	-0.00575980544090271	-0.12793633341789246	-0.09811320155858994	-0.11584697663784027	0.08839760720729828	0.1281745284795761	-0.07628805935382843	-0.06479553878307343	-0.1498262882232666	0.18856103718280792	-0.12153370678424835	0.0964447408914566	0.17955847084522247	-0.08568830788135529	-0.12569910287857056	0.14196814596652985	-0.023294582962989807	0.10015131533145905	2.174079418182373e-05	0.19135929644107819	-0.05050376057624817	0.004373103380203247	-0.12162269651889801	0.15751974284648895	-0.14857935905456543	0.012332871556282043	0.03235357999801636	-0.007374480366706848	-0.20067065954208374	-0.15666916966438293	0.07272084057331085	-0.04546578228473663	0.20466859638690948	-0.12909956276416779	-0.07426731288433075	0.2049388438463211	-0.028725966811180115	0.15009517967700958	-0.1457349956035614	-0.12076447159051895	0.01948891580104828	-0.09199198335409164	0.17799325287342072	0.07586221396923065	0.1001037210226059	0.1430044323205948	-0.16770455241203308	-0.1334172785282135	0.20466844737529755	0.006013229489326477	0.0190010666847229	0.09645788371562958	-0.008408740162849426	0.10192100703716278	-0.19375167787075043	-0.14593558013439178	0.04050701856613159	-0.011805042624473572	0.04949735105037689	-0.17781224846839905	-0.18699340522289276	-0.044575080275535583	0.14161430299282074	-0.19876421988010406	-0.09900987893342972	0.1843271702528	0.03491787612438202	-0.1935221254825592	0.20370633900165558	-0.1600305289030075	0.18310968577861786	0.11258094012737274	0.1390535980463028	0.06456314027309418	0.07435481250286102	-0.12183313071727753	-0.05397424101829529	0.019031569361686707
-0.1756615936756134	-0.14710864424705505	0.03919161483645439	-0.13571122288703918	-0.006776413414627314	0.15752749145030975	0.06252395361661911	0.20971985161304474	-0.11408953368663788	-0.013792221434414387	-0.051753561943769455	-0.0338493213057518	0.19692541658878326	-0.20239931344985962	-0.020044181495904922	0.06897386908531189	0.12723024189472198	-0.11873015016317368	-0.01078854314982891	-0.19570454955101013	-0.12479884922504425	0.20011599361896515	-0.014593019150197506	0.08260506391525269	0.016539316624403	0.14182895421981812	0.05289804935455322	-0.18365870416164398	0.016016745939850807	0.07130209356546402	0.1460215300321579	-0.051166385412216187	0.2143954634666443	-0.25323596596717834	-0.09433649480342865	0.049488916993141174	-0.043937742710113525	0.11528413742780685	-0.07374769449234009	0.14709462225437164	-0.14544762670993805	0.06455744057893753	0.00797313917428255	-0.12544721364974976	0.1896992325782776	0.061162713915109634	-0.0056390902027487755	-0.03568943589925766	-0.062024086713790894	-0.18396037817001343	-0.05614500120282173	0.07087019830942154	0.2369634360074997	-0.06597073376178741	-0.10531987249851227	0.22028063237667084	-0.0019059680635109544	0.05676303431391716	-0.09712540358304977	-0.23007838428020477	0.00823009479790926	0.12264429032802582	-0.06995107233524323	-0.09768109768629074	-0.08995810151100159	-0.13535943627357483	-0.23805032670497894	0.13521656394004822	-0.10631515085697174	-0.16166795790195465	0.25278735160827637	-0.03236972540616989	0.1522635966539383	-0.0460675023496151	0.18299323320388794	0.20009776949882507	-0.06858204305171967	-0.09061603993177414	0.012852102518081665	0.19143369793891907	-0.06325579434633255	0.14389951527118683	0.20129507780075073	0.004170872736722231	-0.193364679813385	-0.1500711888074875	0.015080058947205544	-0.12074077129364014	-0.08258040249347687	0.03461983799934387
0.11705922335386276	-0.2181279957294464	-0.02827094867825508	-0.02553161047399044	0.056484054774045944	0.317051500082016	0.215432271361351	0.20787879824638367	-0.3054458200931549	-0.02516971156001091	0.04623617231845856	0.15603943169116974	-0.2111324518918991	-0.22221873700618744	0.1417575180530548	0.08692175149917603	0.20383979380130768	-0.09332887828350067	0.22751206159591675	0.0638330727815628	-0.11486794054508209	-0.1594209223985672	0.06302108615636826	0.15753191709518433	-0.05866777524352074	-0.19438400864601135	-0.20184412598609924	-0.06898544728755951	-0.1753714680671692	0.04119199141860008	-0.09804967790842056	-0.048835888504981995	-0.09692209959030151	-0.24605241417884827	0.24168001115322113	-0.04465558007359505	-0.059647150337696075	-0.30497249960899353	0.02608576975762844	-0.016450366005301476	-0.2201838344335556	-0.24311724305152893	-0.0428517684340477	-0.01860448718070984	0.028908994048833847	0.05251183733344078	-0.16301651298999786	0.08586619049310684	0.015712041407823563	-0.0648990273475647	0.09854794293642044	-0.026589946821331978	-0.1788259595632553	0.04052435979247093	0.11700097471475601	0.011087749153375626	0.255246102809906	-0.009565125219523907	-0.21627399325370789	0.10111341625452042	-0.10385911166667938	-0.041301317512989044	-0.24128112196922302	0.0785638615489006	0.032789308577775955	0.10770518332719803	0.26348793506622314	0.2268415093421936	0.027169043198227882	-0.2400859296321869	-0.04169377312064171	-0.1705135703086853	-0.13430753350257874	-0.15455564856529236	-0.02233157679438591	0.27515193819999695	-0.04407835006713867	0.159036785364151	-0.09579683095216751	-0.1386648714542389	-0.014360303059220314	-0.15983928740024567	-0.23350179195404053	0.04931217059493065	0.07863043993711472	-0.10873357951641083	-0.07005123049020767	0.03172513470053673	-0.18271631002426147	-0.05725932866334915
0.23984667658805847	0.09199399501085281	0.21031764149665833	-0.06702936440706253	0.02417888678610325	0.25097090005874634	-0.11509847640991211	0.04021305963397026	-0.09778834134340286	0.1116500124335289	0.1498396396636963	0.17408333718776703	0.012098760344088078	0.012916456907987595	-0.19332583248615265	0.08104317635297775	-0.2258179932832718	-0.23204196989536285	0.29489463567733765	-0.04001591354608536	-0.0032949212472885847	-0.2388872653245926	0.09826874732971191	0.11985013633966446	-0.07156877219676971	-0.10288160294294357	0.1825830489397049	0.13870291411876678	0.2244122326374054	-0.3338429629802704	-0.23211438953876495	-0.22972920536994934	0.13027775287628174	-0.22793136537075043	-0.22945670783519745	-0.1189657673239708	0.18518729507923126	0.13231508433818817	0.1502310186624527	0.02696322835981846	-0.07314253598451614	-0.15428051352500916	-0.09509263187646866	0.07343576103448868	0.16106893122196198	-0.041727710515260696	-0.006889421958476305	0.06633079051971436	0.18204134702682495	-0.005543648265302181	-0.15318001806735992	-0.013878578320145607	-0.1214856430888176	0.09557177871465683	0.22135797142982483	0.007384482771158218	0.17784962058067322	0.07955911755561829	0.0723075121641159	-0.16911719739437103	0.0014780693454667926	-0.11018503457307816	-0.012733221054077148	0.04798763990402222	-0.20660461485385895	-0.11118591576814651	-0.11115370690822601	-0.06817178428173065	0.11307402700185776	0.1326299011707306	-0.12257099151611328	-0.03456227481365204	0.0677795261144638	-0.19546151161193848	-0.0894475057721138	0.01062174141407013	0.14121225476264954	0.12632755935192108	-0.19206255674362183	-0.1930026262998581	0.12383873015642166	-0.14102450013160706	-0.01911506988108158	0.21188992261886597	-0.06696037203073502	-0.14723914861679077	-0.09744381904602051	-0.030200939625501633	0.27849045395851135	0.013291091658174992
0.058144766837358475	-0.06983519345521927	-0.05887096747756004	-0.005863605532795191	-0.0693071112036705	0.23059263825416565	0.18239609897136688	-0.16248983144760132	-0.032532788813114166	0.06639757007360458	-0.07140441983938217	0.1688416600227356	-0.31099218130111694	-0.2659160792827606	-0.053554728627204895	0.1139797493815422	0.10533857345581055	-0.04891747236251831	-0.03554397448897362	0.16150252521038055	0.09401404857635498	-0.10968981683254242	0.14260709285736084	-0.056845467537641525	0.17327120900154114	0.07591285556554794	0.19009308516979218	-0.07271513342857361	-0.0014192138332873583	-0.1585959643125534	0.1588546484708786	-0.15515197813510895	0.1296636015176773	-0.2482672929763794	0.16149716079235077	-0.02263634465634823	-0.032332029193639755	-0.08309199661016464	0.20760978758335114	-0.04840932413935661	-0.06790956109762192	-0.1449359804391861	-0.05197698250412941	-0.1353023797273636	-0.14651204645633698	-0.31453999876976013	-0.059811726212501526	-0.030678989365696907	0.1534653753042221	-0.036803316324949265	0.18104992806911469	0.19998414814472198	-0.015483025461435318	0.1589764952659607	0.28707975149154663	0.24777257442474365	0.16550347208976746	0.03292825445532799	-0.11975541710853577	-0.19797451794147491	-0.2090582251548767	0.07341219484806061	0.005759560503065586	-0.029949964955449104	-0.262885719537735	-0.05013519152998924	-0.17442090809345245	0.04043120518326759	-0.15103435516357422	-0.22491618990898132	0.13796502351760864	0.08883197605609894	0.10889995098114014	0.09106413275003433	-0.17762988805770874	-0.03983354568481445	0.28354886174201965	0.1328132301568985	0.07809370011091232	-4.412547787069343e-05	0.02814374677836895	0.03210205212235451	0.005019466858357191	0.008016139268875122	0.2462732046842575	0.15860682725906372	0.012976604513823986	0.14322011172771454	0.04102831333875656	-0.029002487659454346
-0.11580726504325867	-0.2787758708000183	-0.18983249366283417	0.08683907985687256	-0.11381825059652328	0.17213834822177887	-0.03241728991270065	-0.20000576972961426	-0.14298675954341888	-0.06045399606227875	0.07985667884349823	0.15049804747104645	-0.2011537253856659	-0.04403320327401161	0.1796519011259079	0.04245295748114586	0.24003878235816956	0.21320347487926483	0.0228867307305336	0.18538609147071838	0.13273923099040985	-0.14871123433113098	0.3602246046066284	0.13828052580356598	0.04930606111884117	-0.1926831305027008	0.0022409989032894373	0.10528013855218887	0.23753029108047485	0.04824519902467728	-0.09492529928684235	-0.18876072764396667	0.09439322352409363	-0.14233243465423584	-0.06785541027784348	-0.10466492921113968	-0.1405356228351593	-0.06942857056856155	0.14902444183826447	-0.06303808838129044	-0.17432741820812225	-0.0002272812998853624	-0.1651882529258728	-0.12931254506111145	0.08877845108509064	-0.12136092782020569	0.05933673679828644	0.11547685414552689	-0.10200414061546326	0.08983106166124344	-0.008647887036204338	-0.03757466375827789	-0.12972967326641083	-0.0034124557860195637	0.27021709084510803	-0.10159780830144882	0.12538915872573853	0.05932178348302841	0.040203824639320374	-0.29353171586990356	-0.01645756885409355	0.19894208014011383	-0.17824402451515198	-0.15719254314899445	-0.18213537335395813	0.048031892627477646	-0.17730386555194855	-0.15397925674915314	0.19922295212745667	-0.2527290880680084	0.19802725315093994	-0.2176714837551117	0.08645405620336533	0.014479468576610088	-0.16018114984035492	0.2253599762916565	0.25902631878852844	0.2241615355014801	0.16785474121570587	-0.1623712182044983	-0.028981653973460197	-0.14977407455444336	0.15238969027996063	0.1702495962381363	0.039819858968257904	-0.1362987905740738	-0.09377367049455643	0.14962835609912872	0.006182264536619186	0.10511555522680283
-0.273217111825943	-0.12466233223676682	-0.10193134099245071	-0.08942670375108719	0.17384734749794006	0.09804171323776245	0.08549011498689651	0.062198199331760406	-0.10181790590286255	0.0017912174807861447	-0.23672465980052948	0.2521488070487976	0.19341741502285004	0.13962705433368683	-0.0057708690874278545	0.1102304682135582	-0.26126524806022644	0.1959364265203476	-0.09821678698062897	0.015024502761662006	0.20254077017307281	-0.19728180766105652	0.20816804468631744	-0.1455603539943695	-0.01122961100190878	0.12764884531497955	0.061021845787763596	-0.22026200592517853	0.2603135406970978	0.14957314729690552	-0.1834716647863388	-0.1800360381603241	0.0179645586758852	0.1789126694202423	-0.03687785193324089	-0.23133231699466705	0.0385281927883625	0.02476135827600956	-0.00653814198449254	0.2942594587802887	-0.21580953896045685	-0.009779875166714191	0.14947934448719025	0.31306344270706177	0.07432035356760025	-0.014828141778707504	-0.10222247987985611	0.3600347936153412	0.10732586681842804	-0.010162342339754105	-0.2004939168691635	0.12035083770751953	-0.19605480134487152	0.06735998392105103	0.04101310297846794	0.0419849269092083	0.12905733287334442	0.027845855802297592	-0.18697446584701538	0.03877200931310654	-0.18583464622497559	0.1876222938299179	-0.3056619167327881	0.15675291419029236	-0.06807273626327515	0.1600733995437622	0.1051902174949646	-0.1226762905716896	0.1739571988582611	0.11359992623329163	-0.13942363858222961	0.020189842209219933	-0.17728841304779053	-0.13202105462551117	-0.13125154376029968	0.006047108676284552	-0.017626412212848663	0.22475875914096832	-0.02493773028254509	-0.05306737497448921	0.22736294567584991	0.0831688940525055	0.1674821525812149	-0.12210822850465775	0.07480112463235855	-0.2451152801513672	-0.2797105312347412	-0.15354864299297333	0.23442424833774567	0.10204077512025833
-0.0863308310508728	-0.11229085922241211	0.10324055701494217	0.12313374876976013	0.1522342562675476	-0.2594771981239319	0.045083414763212204	-0.02394084632396698	-0.06115046888589859	0.0765988752245903	-0.2933785617351532	0.168940469622612	0.0945923924446106	-0.007292316295206547	0.013249156065285206	-0.009502927772700787	0.019341768696904182	-0.0810043141245842	-0.2292139083147049	0.29707664251327515	0.27330195903778076	-0.23448379337787628	0.2604987621307373	0.06921397894620895	0.14052549004554749	-0.0974120944738388	-0.13504484295845032	0.09292813390493393	0.16685637831687927	-0.054850246757268906	-0.08928479254245758	-0.12473105639219284	-0.15411058068275452	0.01012936607003212	-0.13157762587070465	-0.30262744426727295	0.2366655468940735	0.1226242408156395	0.27666762471199036	-0.04500879719853401	0.09651821851730347	0.1740489900112152	0.08350732922554016	0.026426365599036217	0.30456724762916565	-0.14244145154953003	-0.2037757784128189	-0.09502041339874268	-0.15992093086242676	-0.08637161552906036	0.1252596229314804	0.2862817943096161	-0.08810772001743317	-0.05083233490586281	-0.0025631773751229048	-0.15308420360088348	-0.08278759568929672	0.1285681128501892	0.020028462633490562	-0.17431044578552246	0.17935678362846375	0.17798860371112823	-0.00840403325855732	-0.2978699803352356	-0.06638367474079132	0.01824057660996914	0.19737295806407928	-0.22962923347949982	0.10619455575942993	0.06271055340766907	-0.31068095564842224	0.02899535745382309	0.07086317241191864	-0.005631899926811457	-0.1689567118883133	-0.13781046867370605	-0.020000280812382698	0.004756156820803881	0.02809944562613964	-0.20832794904708862	-0.05138558894395828	-0.24125972390174866	0.027969269081950188	0.06252889335155487	0.0022911271080374718	-0.015382346697151661	-0.12130516767501831	-0.22366757690906525	0.2112901657819748	0.10364118963479996
0.14388017356395721	-0.2594417929649353	-0.1518179476261139	0.024716025218367577	-0.18872195482254028	0.21125324070453644	0.11428997665643692	0.022523248568177223	-0.05880529060959816	0.04176740348339081	0.1628551185131073	-0.1839534342288971	-0.2284681797027588	-0.04895197972655296	-0.09571158140897751	-0.011333668604493141	0.2616950571537018	0.13034594058990479	0.004324303008615971	-0.04404505714774132	0.2225307673215866	0.1389189511537552	0.023914294317364693	0.1440376341342926	0.18242254853248596	0.14075252413749695	0.12278610467910767	0.05388806015253067	-0.11539405584335327	0.20428070425987244	0.18779884278774261	0.11936980485916138	-0.06237122043967247	-0.12012592703104019	0.35444363951683044	0.01858104206621647	-0.12853363156318665	-0.30603063106536865	-0.0504065603017807	0.02817227505147457	0.07273304462432861	-0.2234494388103485	-0.22731004655361176	-0.22044652700424194	-0.2010534554719925	-0.08058936148881912	0.013977285474538803	-0.0026465607807040215	0.12219308316707611	-0.010030861012637615	0.25096407532691956	-0.10617134720087051	-0.21826039254665375	0.16304942965507507	0.0051423730328679085	-0.04646647721529007	0.03477320075035095	0.20445100963115692	0.12574352324008942	-0.1295941174030304	-0.049189794808626175	-0.043329332023859024	0.10064665973186493	0.10940073430538177	0.028577271848917007	-0.273477166891098	0.09188970178365707	0.18575064837932587	0.04955890774726868	-0.2865581810474396	-0.10285432636737823	0.0017485624412074685	-0.05904560536146164	-0.05713999643921852	0.05352701246738434	0.05459287017583847	0.06252074241638184	0.05392567813396454	0.09001445770263672	0.037803031504154205	-0.18811719119548798	0.05547464266419411	-0.13983643054962158	0.1433579921722412	0.1888519823551178	0.251573771238327	0.013659263961017132	0.26916372776031494	-0.19578716158866882	0.18442247807979584
-0.023510543629527092	-0.0916946530342102	-0.15859435498714447	0.1445295214653015	0.06897234171628952	-0.03645860031247139	0.02171570435166359	-0.11866813898086548	-0.0019758057314902544	0.0011194254038855433	-0.1755785197019577	0.3267827332019806	0.05902184918522835	-0.023172596469521523	0.23147542774677277	0.13741947710514069	0.06936658173799515	0.013980354182422161	-0.07273449748754501	0.26112091541290283	0.13087674975395203	-0.11858413368463516	0.14065372943878174	-0.013369929045438766	0.18510966002941132	0.14088045060634613	0.05879708752036095	-0.24686792492866516	0.1408628672361374	-0.10525957494974136	-0.275915265083313	0.07925039529800415	0.13991816341876984	0.13957293331623077	-0.21359588205814362	-0.19689534604549408	0.3741089403629303	-0.23496083915233612	-0.004886416252702475	0.1869872808456421	0.10620536655187607	0.0979912057518959	-0.0756576731801033	0.1336258053779602	0.2051437944173813	0.009781502187252045	-0.22660166025161743	0.040515221655368805	0.103347048163414	-0.07347807288169861	-0.05341720208525658	0.09138809889554977	-0.24600182473659515	-0.12068931013345718	0.3127560019493103	-0.2315724790096283	0.04341121017932892	0.05208352208137512	-0.21598021686077118	0.029300155118107796	-0.15711472928524017	0.33452481031417847	-0.18083253502845764	-0.15097446739673615	-0.11228792369365692	-0.00017745644436217844	-0.05715112015604973	-0.2530669867992401	-0.06710003316402435	0.04443192109465599	-0.03497292101383209	0.1850522756576538	-0.10503210872411728	0.12302742153406143	-0.2939353287220001	0.04363471269607544	0.20403893291950226	0.24270470440387726	0.19334925711154938	-0.3187347650527954	0.06270267069339752	-0.017960531637072563	-0.23791496455669403	0.11019694060087204	-0.21681855618953705	-0.1411375105381012	-0.1033959686756134	-0.2328774631023407	0.2808702886104584	-0.006578673142939806
0.005147440824657679	0.05966481193900108	0.15892861783504486	0.3480287194252014	0.05273750424385071	0.1467888504266739	-0.33389556407928467	0.11752814799547195	-0.15344500541687012	0.20862871408462524	0.04374443739652634	0.05131039768457413	0.1415911167860031	-0.10560613870620728	-0.1333153396844864	-0.1711174100637436	-0.2229282259941101	-0.0729888305068016	0.005379755049943924	0.013868303038179874	-0.11941981315612793	0.01691952720284462	-0.14542929828166962	-0.2702588140964508	-0.1239444836974144	-0.15848392248153687	-0.05436363443732262	0.28232693672180176	-0.042291346937417984	0.06893153488636017	0.09912534803152084	-0.1596749871969223	-0.06597722321748734	-0.05949652940034866	0.029047353193163872	0.10324866324663162	0.06343318521976471	-0.08448368310928345	-0.08395174890756607	-0.007918223738670349	0.11993028223514557	0.03269991651177406	-0.004009298048913479	0.040284547954797745	0.08136644959449768	0.07214111089706421	0.16584940254688263	0.1222962811589241	-0.1520998775959015	-0.034869484603405	0.06020290032029152	-0.20738866925239563	0.26659977436065674	-0.09794513881206512	0.14708808064460754	0.1310199648141861	0.1219610795378685	-0.14722514152526855	0.07877060025930405	-0.09961145371198654	-0.1908452808856964	-0.13272957503795624	0.19445645809173584	-0.049883883446455	0.12173627316951752	-0.06348099559545517	-0.1956019401550293	-0.0681784600019455	-0.04589035362005234	0.16700874269008636	0.06807226687669754	0.18336156010627747	0.1948862224817276	-0.009420432150363922	-0.00013383931946009398	-0.11420193314552307	0.04176339879631996	0.11519376933574677	-0.20158728957176208	0.15880808234214783	0.20634950697422028	-0.1210947260260582	0.1303901970386505	-0.11909287422895432	-0.14019794762134552	-0.021500082686543465	0.03125125914812088	-0.06953363120555878	0.00541034946218133	0.01251308061182499
0.10707425326108932	0.0838666781783104	-0.07440171390771866	0.007810605689883232	0.2654937207698822	-0.028357455506920815	-0.14795494079589844	-0.2639463543891907	-0.08255908638238907	-0.24232257902622223	0.1754974126815796	0.43278226256370544	-0.08615833520889282	-0.17667604982852936	0.10049785673618317	0.2290787547826767	-0.2390097975730896	-0.11134884506464005	-0.10419851541519165	0.021738266572356224	-0.06460350751876831	-0.12716184556484222	0.1041194498538971	0.061252202838659286	0.10440939664840698	-0.17339089512825012	-0.00793362781405449	-0.1842767745256424	0.18061716854572296	-0.12487306445837021	-0.15907007455825806	-0.05443623661994934	-0.18096259236335754	-0.04552999138832092	-0.20905885100364685	0.037964992225170135	0.13713255524635315	-0.0928545817732811	0.3328559696674347	0.1608288288116455	-0.020445063710212708	0.13302826881408691	-0.20642679929733276	0.14394277334213257	0.35450825095176697	-0.27421823143959045	-0.2670804262161255	0.045023687183856964	-0.11499088257551193	-0.08561664074659348	0.07334370911121368	0.1429557204246521	0.030007964000105858	0.28155145049095154	0.24967525899410248	0.05097194388508797	-0.0010192609624937177	0.14490726590156555	-0.03127873316407204	-0.2751471698284149	-0.25850558280944824	0.3439893424510956	-0.1676202416419983	-0.03949081152677536	-0.22041726112365723	-0.13036133348941803	0.11703229695558548	-0.20082519948482513	-0.04884500429034233	-0.03981669992208481	-0.03782251849770546	-0.19002552330493927	-0.03856333717703819	-0.21903392672538757	-0.22115164995193481	0.24884170293807983	-0.09624217450618744	0.10820265114307404	0.12937191128730774	-0.2971344590187073	0.308490514755249	-0.19181446731090546	-0.10476182401180267	0.2840745151042938	0.133937269449234	-0.3121106028556824	-0.015929056331515312	-0.17097605764865875	0.12153564393520355	-0.00636366568505764
-0.20862841606140137	0.039788905531167984	0.14585064351558685	-0.10341455042362213	-0.047019243240356445	-0.23302385210990906	-0.010394657030701637	-0.16764505207538605	-0.1153443455696106	-0.010495348833501339	-0.13946570456027985	0.19760024547576904	-0.15777523815631866	0.1992548257112503	0.24354879558086395	0.034609708935022354	0.12299169600009918	0.055836021900177	-0.020252889022231102	0.20178145170211792	0.11767934262752533	-0.00189393840264529	-0.11216054111719131	-0.07045233249664307	-0.07286165654659271	-0.10752992331981659	-0.275569349527359	0.05069071799516678	-0.2646262049674988	0.009451166726648808	0.027294574305415154	-0.027483133599162102	-0.27359676361083984	-0.052483540028333664	-0.27278828620910645	0.03659315034747124	0.14496372640132904	-0.12119254469871521	0.08040454238653183	-0.26668816804885864	-0.16617543995380402	-0.18342538177967072	0.04868441820144653	-0.20135033130645752	-0.05509626492857933	-0.14603352546691895	0.08005963265895844	0.13753275573253632	0.12720872461795807	-0.0037364251911640167	-0.07996655255556107	0.13569524884223938	0.05280929431319237	0.13013896346092224	-0.18542908132076263	0.025949355214834213	0.09864184260368347	-0.08771838992834091	-0.12888774275779724	-0.11977368593215942	-0.17705130577087402	-0.15474826097488403	-0.1417561024427414	-0.12610113620758057	-0.17010581493377686	-0.13626743853092194	-0.04089910909533501	-0.0564379058778286	0.13549795746803284	-0.0734570249915123	-0.16975249350070953	0.13593491911888123	0.21327878534793854	0.17128901183605194	0.17696794867515564	0.14464816451072693	-0.08729591220617294	0.09233429282903671	0.17437350749969482	-0.15112842619419098	-0.3299218714237213	0.1501064896583557	-0.2692570984363556	-0.05464370176196098	-0.22242866456508636	0.10415640473365784	0.07776301354169846	-0.08949075639247894	-0.1372717022895813	0.16718052327632904
-0.17462274432182312	0.03273919224739075	0.13065992295742035	0.0583907812833786	-0.04944652318954468	-0.042377740144729614	-0.13270452618598938	-0.04454706609249115	0.003426775336265564	-0.18141891062259674	0.01711808145046234	0.01573464274406433	0.11175142228603363	0.19547317922115326	0.028852328658103943	-0.006845265626907349	-0.1479593962430954	0.007087960839271545	0.17603541910648346	0.013197630643844604	0.06170113384723663	-0.08617620915174484	0.0161399245262146	0.1666630059480667	0.03408244252204895	-0.030984506011009216	-0.1440829038619995	0.0409507155418396	0.1541195660829544	-0.1223856583237648	0.10876829922199249	-0.1345149278640747	-0.17189161479473114	-0.06851975619792938	0.1025889664888382	0.14427821338176727	0.15620209276676178	-0.20382176339626312	0.06079085171222687	0.07933436334133148	0.050975099205970764	0.16456492245197296	0.17199932038784027	0.08005104959011078	-0.10532189160585403	-0.1914457529783249	0.10491524636745453	-0.13612088561058044	0.04331420361995697	0.06805665791034698	-0.038567349314689636	0.13059554994106293	-0.11026189476251602	-0.1610545963048935	-0.09934582561254501	0.19716648757457733	-0.09974320232868195	0.18134362995624542	0.12466670572757721	0.05819939076900482	-0.17880304157733917	-0.026149049401283264	-0.064957395195961	0.10271082818508148	-0.03374163806438446	-0.16478608548641205	0.11740781366825104	0.1972409337759018	0.040992483496665955	0.1488441675901413	0.16231368482112885	0.06399132311344147	-0.06513632833957672	-0.06388421356678009	0.08706842362880707	-0.12109731137752533	0.12945665419101715	-0.07484233379364014	0.16883371770381927	0.159482941031456	0.1270284503698349	0.16710124909877777	-0.02673386037349701	0.04861079156398773	0.09770618379116058	-0.004067912697792053	0.012744441628456116	-0.1012459397315979	-0.03916403651237488	0.02605031430721283
0.0526292622089386	-0.2195400893688202	0.0359969399869442	0.12660880386829376	-0.11287420243024826	0.11666150391101837	-0.34401077032089233	-0.1909942775964737	-0.07933463156223297	0.0292409248650074	-0.043991569429636	-0.1433662474155426	0.14178113639354706	-0.08050745725631714	0.03774619847536087	-0.03828444331884384	-0.21145674586296082	-0.005322562996298075	-0.018308229744434357	0.16669444739818573	-0.12262685596942902	-0.048258230090141296	0.030982088297605515	0.22046688199043274	-0.1585867702960968	-0.13713771104812622	0.20483563840389252	-0.05230226367712021	0.33145877718925476	-0.21665599942207336	-0.29837074875831604	-0.18465156853199005	0.019997118040919304	0.070366770029068	-0.27334827184677124	-0.04011485353112221	0.11396908760070801	-0.13094289600849152	0.15405450761318207	0.06565938889980316	-0.15632063150405884	-0.09276826679706573	-0.1141781136393547	0.16325153410434723	0.11308564245700836	-0.14517942070960999	-0.03861468657851219	0.3117271363735199	-0.14364202320575714	-0.07828018814325333	-0.011802783235907555	-0.25508344173431396	0.22348421812057495	0.07605753093957901	0.29252421855926514	-0.1352391242980957	0.15527303516864777	0.01876366138458252	-0.021192509680986404	-0.2120872288942337	-0.11179730296134949	0.10915614664554596	0.03992157056927681	0.0792069360613823	-0.012112438678741455	-0.10639043897390366	-0.025607218965888023	-0.002672211267054081	-0.2740502953529358	-0.07583962380886078	0.20173054933547974	-0.06455650925636292	-0.1251130849123001	-0.13355055451393127	-0.133053258061409	-0.015098138712346554	-0.049918610602617264	0.22812655568122864	-0.12525887787342072	-0.16172707080841064	0.3576376140117645	-0.34208014607429504	-0.06927365809679031	-0.05809997394680977	-0.13431276381015778	-0.2285953313112259	-0.2762310206890106	-0.3784871995449066	0.14928320050239563	0.106180340051651
-0.04364435002207756	0.10753996670246124	0.03669240325689316	-0.12945854663848877	0.06519684940576553	-0.09108860790729523	0.0008943183929659426	-0.013497107662260532	-0.12653006613254547	0.05750979483127594	-0.19881676137447357	0.17235694825649261	0.10361581295728683	0.1436510980129242	0.07703830301761627	0.2585694491863251	-0.19420842826366425	0.02834470383822918	-0.02053769677877426	0.001024059485644102	0.22998343408107758	-0.13171148300170898	-0.031552597880363464	0.037040989845991135	0.029703281819820404	0.06686242669820786	-0.235739067196846	-0.008595609106123447	0.24448221921920776	-0.010409202426671982	-0.08243340998888016	0.2355732023715973	-0.18026010692119598	0.005482389125972986	-0.3211987018585205	0.0022974254097789526	0.3355059325695038	-0.2032003402709961	0.06876017153263092	-0.18838518857955933	0.005798152182251215	0.03924596682190895	0.10648979991674423	0.024483544752001762	0.16135051846504211	-0.22935445606708527	-0.13768842816352844	-0.14051011204719543	-0.16955576837062836	-0.04566577076911926	-0.15553206205368042	-0.04822194203734398	-0.08122584968805313	0.11304846405982971	-0.0089222751557827	-0.2701655626296997	0.05335827171802521	-0.02165636606514454	-0.007970414124429226	-0.01168093178421259	-0.22278320789337158	0.1144973412156105	-0.012131930328905582	0.004745502024888992	-0.2659287452697754	0.029759664088487625	0.16973207890987396	-0.19923381507396698	0.15467365086078644	0.11023398488759995	-0.02341366559267044	-0.19551780819892883	-0.0803929790854454	0.04881598800420761	-0.10465869307518005	-0.023504093289375305	-0.13561281561851501	-0.21601063013076782	0.29118025302886963	0.07863465696573257	0.044883470982313156	-0.061271749436855316	-0.0056119500659406185	0.01864198036491871	-0.06643494963645935	-0.10103637725114822	0.11891250312328339	-0.22941052913665771	0.056327324360609055	0.12796887755393982
0.2220129370689392	-0.15822869539260864	-0.07753844559192657	0.3029068410396576	0.04225784167647362	-0.14240561425685883	-0.12198519706726074	0.11930957436561584	-0.19776104390621185	-0.19162385165691376	0.07322099804878235	0.22456035017967224	0.04388568550348282	0.15483316779136658	0.1296619027853012	0.14370416104793549	-0.022768430411815643	0.00915139727294445	0.013623638078570366	0.09296982735395432	-0.22495488822460175	0.03952046483755112	0.18671377003192902	0.011985542252659798	-0.23373256623744965	0.016162339597940445	0.0967976450920105	-0.05238667130470276	0.0105954110622406	-0.1627431958913803	0.0823860839009285	-0.21435487270355225	0.19765609502792358	-0.23493917286396027	-0.14706753194332123	0.20415540039539337	0.05823083594441414	-0.04880829527974129	-0.14504538476467133	0.12052179127931595	-0.04043047875165939	0.06511238217353821	-0.016178635880351067	0.04032524302601814	-0.04664459824562073	-0.10595352947711945	-0.2208494246006012	0.3496195375919342	-0.11781760305166245	-0.12971197068691254	0.1406007707118988	0.03092384710907936	0.14283935725688934	-0.1031460389494896	0.07143043726682663	-0.056890424340963364	-0.03221313655376434	-0.04177156090736389	-0.09395094215869904	-0.14587561786174774	-0.12461843341588974	-0.16203880310058594	-0.24726426601409912	-0.1721825897693634	0.13497643172740936	-0.07898598164319992	-0.21375629305839539	-0.18962052464485168	0.08093321323394775	0.11250615119934082	0.06954467296600342	0.19741226732730865	-0.20632334053516388	0.020663565024733543	-0.05598202347755432	-0.05352601408958435	-0.11744466423988342	0.1787595897912979	0.005775701720267534	0.051700472831726074	0.012892033904790878	0.011809725314378738	0.14052541553974152	-0.0797024741768837	0.04067189618945122	0.0715293437242508	-0.03905767947435379	0.08219905197620392	0.1872846931219101	-0.05587423965334892
