0.15159040689468384	0.08511395752429962	-0.04002697393298149	-0.13331350684165955	0.009225909598171711	0.09179235249757767	0.04894157499074936	-0.021920831874012947	0.198137566447258	0.17900800704956055	-0.08521108329296112	-0.25703713297843933	0.2036139965057373	-0.25107043981552124	0.3474031984806061	0.03666660934686661	0.13114984333515167	0.1764182448387146	0.04827490076422691	0.21907104551792145	0.1895783394575119	0.018345020711421967	0.21414624154567719	-0.10423353314399719	-0.09591668099164963	0.0520559586584568	-0.2778293490409851	0.34672412276268005	-0.010461202822625637	0.16085633635520935	-0.23621337115764618	-0.15868118405342102	-0.18948204815387726	0.22285041213035583	-0.0659932866692543	-0.15547439455986023	-0.16029329597949982	-0.20390862226486206	0.17200732231140137	-0.15652495622634888	-0.0027566305361688137	0.2946997284889221	0.08182229846715927	0.18038396537303925	0.05506807938218117	-0.13919834792613983	0.13029783964157104	-0.11973198503255844	0.16306616365909576	0.1143745630979538
0.2629151940345764	-0.16665813326835632	-0.22091540694236755	-0.013106554746627808	0.07209062576293945	-0.04951803386211395	-0.04539206624031067	-0.029605597257614136	0.1087673008441925	-0.03228759765625	-0.028272107243537903	0.23832255601882935	-0.23947329819202423	-0.1738399863243103	0.24704527854919434	-0.0006986558437347412	-0.013535767793655396	-0.08711794018745422	-0.22692261636257172	-0.26163142919540405	-0.0920034795999527	0.1640491485595703	-0.13826583325862885	-0.06176909804344177	0.26176518201828003	-0.034380555152893066	0.26062071323394775	-0.01660817861557007	0.23974591493606567	-0.014246165752410889	-0.16477729380130768	0.15663102269172668	-0.11540037393569946	-0.13857904076576233	0.18924254179000854	-0.13064636290073395	0.24328118562698364	-0.025911837816238403	-0.06592315435409546	-0.0932144820690155	-0.24825942516326904	0.007589995861053467	0.1122249960899353	-0.1545451581478119	0.15847966074943542	0.0674612820148468	-0.011762559413909912	-0.1403520554304123	0.13166147470474243	-0.2397056370973587
-0.08708237111568451	-0.20256800949573517	0.23647068440914154	0.13265645503997803	0.10328593105077744	0.23000392317771912	0.22559703886508942	-0.13995373249053955	-5.559085911954753e-05	0.19436271488666534	0.16681654751300812	0.09288683533668518	0.18079054355621338	0.15523889660835266	-0.037185292690992355	-0.17468920350074768	0.025949349626898766	0.09905271232128143	0.26973679661750793	0.13260622322559357	0.07039197534322739	0.22698618471622467	-0.20514020323753357	0.30386021733283997	0.1356268972158432	0.2814662456512451	-0.18453505635261536	0.13364960253238678	0.1563098132610321	0.16553939878940582	-0.08633536100387573	-0.24480172991752625	-0.2220008224248886	0.29430872201919556	-0.22759145498275757	-0.04481038078665733	0.1852678805589676	0.2360161989927292	-0.1851680725812912	0.03600059822201729	-0.1096704825758934	0.15817318856716156	0.1034298688173294	0.027992749586701393	-0.09358006715774536	0.10504965484142303	-0.0760795921087265	-0.11249692738056183	0.15719139575958252	0.015056143514811993
-0.0647287592291832	-0.014419369399547577	0.21539606153964996	0.2211727648973465	-0.2971574366092682	-0.03018304891884327	0.05886617302894592	0.042456839233636856	-0.03158862888813019	0.04206988587975502	0.3090067505836487	-0.14895863831043243	-0.11492364853620529	0.16036555171012878	0.19498342275619507	0.20512643456459045	0.06314583122730255	0.04423907771706581	0.037258196622133255	-0.019950514659285545	0.4927114248275757	0.16370971500873566	0.006538288202136755	-0.03513187915086746	-0.0743282213807106	0.36423614621162415	0.0477617122232914	0.009055831469595432	0.044161226600408554	-0.15337973833084106	-0.041287194937467575	-0.3464251160621643	0.017926450818777084	-0.057268500328063965	0.0753299817442894	-0.05264425650238991	0.28260427713394165	0.25236961245536804	0.2846982181072235	-0.04242579638957977	-0.006401756778359413	-0.11060979217290878	-0.1818513125181198	0.3774808943271637	-0.3147769868373871	0.01013210415840149	0.44244712591171265	-0.1557861715555191	0.2497759610414505	-0.0023413782473653555
0.29149481654167175	-0.2200644612312317	-0.04826953262090683	0.1141122579574585	0.057157255709171295	-0.12179116904735565	-0.15569861233234406	0.272654265165329	-0.009633464738726616	-0.14095386862754822	-0.08954155445098877	0.0761522501707077	0.028987953439354897	-0.02494054287672043	0.05644894018769264	-0.11424367874860764	-0.30465149879455566	0.12220805138349533	-0.05949389934539795	-0.25629645586013794	0.32245585322380066	0.04095957800745964	0.14373160898685455	0.0434613861143589	0.20912154018878937	0.3270597457885742	0.07402633130550385	-0.09534042328596115	-0.3340487480163574	0.0854615643620491	-0.196087047457695	-0.29278773069381714	0.34069088101387024	0.1239645853638649	0.1558462232351303	0.331672728061676	0.2550969123840332	0.2650641202926636	-0.0336412638425827	-0.18514402210712433	-0.13178740441799164	-0.08410760760307312	0.18793590366840363	0.04005683586001396	-0.15589211881160736	0.09453469514846802	0.19697228074073792	-0.2634696960449219	0.07336355000734329	-0.259954035282135
-0.029381968080997467	-0.14806918799877167	0.0021768019068986177	0.06522772461175919	-0.08222686499357224	0.08776158839464188	0.21146737039089203	0.09825797379016876	0.010434714145958424	0.18432819843292236	-0.12425076216459274	-0.19736532866954803	-0.1759451925754547	0.29985126852989197	-0.15295548737049103	-0.18638697266578674	0.08541449904441833	0.09024988859891891	-0.010629361495375633	-0.11761415749788284	0.017776066437363625	-0.010346579365432262	0.044607605785131454	0.03940102830529213	0.25770488381385803	0.1317109763622284	-0.007549323607236147	0.2661796808242798	-0.08442995697259903	0.019505370408296585	-0.2320215255022049	-0.2715059220790863	-0.03430028632283211	-0.01807074062526226	-0.05038360133767128	0.0762363150715828	0.14809949696063995	-0.03498617559671402	0.23816831409931183	-0.1318637728691101	-0.10326410084962845	0.11661264300346375	-0.1426660418510437	-0.16360200941562653	-0.03586630895733833	0.005184187088161707	0.014341902919113636	-0.28350165486335754	-0.048077765852212906	0.025466203689575195
-0.22269991040229797	-0.0857364684343338	0.11565789580345154	-0.14408208429813385	0.10899974405765533	-0.20954519510269165	0.16204680502414703	-0.06567718833684921	-0.08223174512386322	-0.12530481815338135	0.21174393594264984	0.004877864848822355	0.04470088705420494	-0.0752880796790123	-0.03201809898018837	0.13273237645626068	-0.26755696535110474	-0.07746344804763794	-0.24677838385105133	-0.22315408289432526	0.2858250141143799	-0.045419059693813324	-0.2741038203239441	-0.10144928097724915	-0.22400087118148804	-0.06381075084209442	0.18605846166610718	-0.20587852597236633	-0.2466588020324707	-0.11552099883556366	-0.053092196583747864	-0.08278105407953262	-0.07046902179718018	0.1876346617937088	-0.24869857728481293	0.01642978936433792	0.20552277565002441	-0.1085827425122261	-0.021448703482747078	0.26327192783355713	-0.0160111915320158	0.173505038022995	0.11870899051427841	0.1281576007604599	0.26660823822021484	0.11653167754411697	0.21968775987625122	0.2006457895040512	-0.006078207399696112	-0.12135481834411621
-0.12999890744686127	0.14438574016094208	-0.09179821610450745	0.23091228306293488	-0.09603697806596756	0.08762869238853455	0.21226012706756592	0.004869526717811823	-0.08152176439762115	0.23970317840576172	-0.1641630381345749	0.12920616567134857	0.21773605048656464	-0.09552042186260223	0.15373742580413818	0.009899050928652287	-0.21284861862659454	0.24450251460075378	-0.12177234143018723	-0.07190173864364624	-0.1701750010251999	0.2533756196498871	-0.2591497004032135	0.03168987110257149	0.1000090092420578	0.21214817464351654	0.27602502703666687	0.19542083144187927	0.19367164373397827	-0.03450804203748703	0.08442855626344681	0.2884427309036255	-0.01119699701666832	-0.1711621880531311	0.18878155946731567	0.16964305937290192	-0.2202439308166504	0.24915893375873566	-0.17613932490348816	-0.10777577757835388	-0.09133318066596985	0.2711590826511383	-0.07105745375156403	0.274016410112381	0.17995406687259674	0.06781557947397232	-0.07685957103967667	-0.2064850777387619	0.16457903385162354	0.06833504140377045
0.1972978264093399	-0.2023487687110901	-0.16244879364967346	0.1308424025774002	-0.0565832257270813	-0.24531693756580353	0.14776596426963806	-0.0708894357085228	0.12462037801742554	0.18724744021892548	-0.16535431146621704	-0.2721082270145416	0.08756063878536224	-0.2862817943096161	-0.1292549967765808	0.13896340131759644	0.09314848482608795	-0.1599416583776474	-0.24582815170288086	-0.1421695351600647	0.25539925694465637	-0.08220772445201874	-0.06788850575685501	-0.06272502988576889	0.22270996868610382	0.3026839792728424	0.0719146803021431	0.11583355814218521	-0.133424311876297	0.30009719729423523	0.008964130654931068	-0.25089773535728455	-0.15857979655265808	-0.12478863447904587	0.24464789032936096	0.06681148707866669	-0.17806482315063477	0.13463617861270905	0.2115856111049652	-0.15902838110923767	-0.10248861461877823	-0.25030580163002014	-0.041374094784259796	0.3140537738800049	0.2294369786977768	-0.14594370126724243	0.17190715670585632	-0.06352780014276505	-0.2719278931617737	-0.12748639285564423
-0.23524674773216248	-0.24385707080364227	0.22170458734035492	-0.23060950636863708	0.14489105343818665	-0.04269520938396454	0.10023835301399231	-0.138281911611557	-0.1626819521188736	-0.13088421523571014	0.182042196393013	0.34091901779174805	0.15623047947883606	0.14643080532550812	-0.08336120843887329	0.01150799635797739	-0.3542393743991852	0.27594998478889465	0.05661725252866745	0.044197928160429	0.06239715963602066	-0.25106459856033325	-0.1256422996520996	-0.15961207449436188	0.030408671125769615	-0.032623954117298126	0.19007053971290588	-0.04314925894141197	-0.1670156866312027	0.10358831286430359	0.040956784039735794	-0.05891803279519081	0.27986258268356323	-0.04757876694202423	-0.19870397448539734	-0.008131246082484722	0.09282300621271133	0.2481585294008255	0.11104294657707214	0.08633488416671753	0.18747559189796448	0.3801957070827484	0.056452419608831406	-0.08234303444623947	-0.054749276489019394	0.292881041765213	0.2240338921546936	0.07631460577249527	0.35223889350891113	0.06891017407178879
0.2571355998516083	0.022254766896367073	0.37469130754470825	-0.2285633534193039	0.07843493670225143	0.1185692548751831	0.10225432366132736	-0.23272354900836945	-0.16277752816677094	0.30428043007850647	0.12761983275413513	-0.19125297665596008	0.15121254324913025	-0.21419374644756317	0.1144106388092041	0.11719917505979538	0.13203193247318268	0.2380264699459076	-0.2243599146604538	-0.2219729870557785	0.1493045538663864	-0.05189629644155502	0.04717171564698219	0.20224927365779877	0.025241471827030182	-0.16456764936447144	-0.11660356819629669	0.006032558158040047	0.3588978350162506	0.22055549919605255	0.1662856936454773	-0.11883709579706192	-0.031824465841054916	-0.06602969020605087	-0.03948870673775673	-0.21328993141651154	0.18440371751785278	0.20627976953983307	-0.1851358264684677	-0.13348877429962158	-0.2799958884716034	0.1165039986371994	-0.19093351066112518	-0.13643315434455872	0.12480207532644272	-0.07623346894979477	0.17254115641117096	-0.007727812509983778	-0.07895299047231674	-0.07864846289157867
-0.08675224334001541	-0.08858413994312286	-0.09225404262542725	0.05160600692033768	0.008784797973930836	-0.130856454372406	-0.20995087921619415	-0.15339091420173645	-0.1705043911933899	0.3301316797733307	-0.24775774776935577	-0.1105545163154602	0.1807306855916977	0.11193637549877167	0.012861314229667187	0.0259674321860075	0.1266247034072876	0.04569489136338234	0.17592819035053253	0.05577017366886139	0.1289222687482834	0.3459627628326416	0.05033481493592262	0.2805923819541931	0.1991681009531021	0.023094341158866882	0.08899587392807007	-0.02888416312634945	0.1198970377445221	0.37307125329971313	0.056107956916093826	0.04785687103867531	0.20373113453388214	-0.06363516300916672	-0.20824533700942993	0.12041067332029343	-0.1896321326494217	0.11906320601701736	-0.01886104792356491	0.2820696532726288	-0.2254755198955536	0.01935531012713909	-0.09662843495607376	0.09138866513967514	-0.28724434971809387	0.12653124332427979	0.2684573829174042	0.2231302112340927	-0.3142870366573334	-0.09441354125738144
0.20232965052127838	-0.061413880437612534	0.1295221447944641	-0.10473409295082092	0.07810600847005844	-0.11401799321174622	-0.27134600281715393	-0.23775246739387512	-0.2121085822582245	-0.08044582605361938	0.06386898458003998	-0.09674686938524246	0.005638439208269119	-0.10171238332986832	0.13643178343772888	0.1826210469007492	-0.2694564461708069	-0.2701806426048279	-0.15634945034980774	-0.027369186282157898	0.32761967182159424	0.19808274507522583	-0.010212933644652367	0.007533913012593985	0.010051632300019264	0.2705429196357727	-0.13933227956295013	0.10304652154445648	-0.17368493974208832	-0.0847025215625763	-0.26307031512260437	0.11189435422420502	-0.013074309565126896	-0.2586563527584076	0.19899757206439972	-0.18875600397586823	-0.1958649605512619	0.1041666641831398	0.18922770023345947	0.20325133204460144	0.04391365498304367	-0.28783586621284485	0.19266162812709808	0.3649654984474182	-0.20930595695972443	-0.13418319821357727	0.1937270313501358	-0.1452445536851883	-0.13346657156944275	0.08626140654087067
0.3318968713283539	0.20481550693511963	-0.08586752414703369	0.13341638445854187	0.25913578271865845	-0.254231721162796	-0.1742251068353653	0.11861742287874222	0.07262279838323593	0.05728569254279137	-0.11497648805379868	0.3529501259326935	0.258454829454422	0.06632315367460251	-0.19118523597717285	0.03666941449046135	-0.02600754052400589	0.07220067083835602	-0.2031334489583969	-0.26391085982322693	-0.21271918714046478	0.10847379267215729	-0.21909402310848236	-0.07119228690862656	0.11745499074459076	0.14493437111377716	0.11018431186676025	0.08421118557453156	-0.2075120508670807	0.09956042468547821	0.033408958464860916	0.01629600301384926	0.024279942736029625	0.15381090342998505	-0.11819671839475632	-0.1146625503897667	-0.24244628846645355	0.10718892514705658	0.22004632651805878	0.037739332765340805	-0.09091107547283173	-0.18413396179676056	0.07340305298566818	-0.11852817237377167	-0.1815139353275299	-0.32773256301879883	-0.18501713871955872	0.020783303305506706	-0.2921379506587982	0.24348443746566772
0.18631651997566223	-0.1402306854724884	-0.02445847913622856	0.08335505425930023	-0.18418514728546143	-0.34308525919914246	0.0570557601749897	0.008439803496003151	-0.006603611167520285	-0.12737393379211426	-0.24807585775852203	0.20171193778514862	-0.17492520809173584	0.008665282279253006	-0.04781034588813782	0.005211404524743557	-0.30969834327697754	0.26563870906829834	0.06079887971282005	0.05564577132463455	-0.15539488196372986	0.2935454547405243	0.24830469489097595	0.30308467149734497	0.13933345675468445	0.3387313783168793	0.014923379756510258	0.12023993581533432	0.05017327517271042	-0.14165617525577545	0.2718956768512726	-0.15020398795604706	-0.12397028505802155	-0.17203868925571442	-0.10483809560537338	0.16479136049747467	-0.1046210452914238	0.27784013748168945	-0.24413345754146576	-0.2074362188577652	0.2975850999355316	-0.15566948056221008	0.009717541746795177	0.11460717767477036	0.019977843388915062	0.12376381456851959	0.24633903801441193	-0.019252685829997063	-0.035676535218954086	-0.09260789304971695
-0.016541697084903717	-0.14046844840049744	-0.10688167065382004	0.02874051220715046	-0.21037515997886658	0.22983317077159882	0.11531143635511398	0.08029923588037491	0.3253301978111267	-0.17307454347610474	0.08756090700626373	0.3084043264389038	0.12993548810482025	0.04044155031442642	0.32818642258644104	0.001346335164271295	0.03508887439966202	0.042320121079683304	0.22110901772975922	-0.20422956347465515	0.07468076050281525	-0.13718251883983612	0.010965129360556602	-0.17348723113536835	-0.09765076637268066	-0.19209489226341248	0.2309473305940628	-0.13014844059944153	0.01636437699198723	-0.19632717967033386	0.21100398898124695	0.16808229684829712	0.11728710681200027	0.1363762617111206	-0.06903337687253952	0.17293496429920197	0.13415755331516266	0.31297361850738525	0.2434999942779541	-0.14891503751277924	-0.15935952961444855	0.14557388424873352	0.1261943131685257	0.044502947479486465	0.07075871527194977	0.08308632671833038	0.14687687158584595	0.24464824795722961	0.07905270904302597	0.054720260202884674
0.1347697377204895	-0.14304831624031067	0.05427713692188263	0.22400133311748505	0.21843847632408142	0.35237061977386475	0.14566174149513245	0.15760865807533264	-0.3723476529121399	0.16899429261684418	0.19017519056797028	-0.3120393455028534	-0.23787297308444977	0.06093853712081909	-0.03683241829276085	0.09768583625555038	0.21660055220127106	0.15587498247623444	0.16290876269340515	-0.13179729878902435	0.06015248969197273	-0.21213534474372864	0.14744652807712555	-0.17257823050022125	-0.33350756764411926	-0.14856772124767303	0.06042546033859253	-0.19045013189315796	0.2189704179763794	-0.0467827245593071	-0.2825808823108673	0.2769623100757599	0.012966424226760864	-0.12188808619976044	0.29785624146461487	-0.26435616612434387	0.119206003844738	0.08793026953935623	-0.23696573078632355	0.01674165017902851	-0.005667982157319784	-0.07754884660243988	0.30218788981437683	0.020385826006531715	0.12203292548656464	0.23144075274467468	0.03785521537065506	0.06032693386077881	-0.10700435936450958	-0.07545743137598038
0.20261797308921814	0.046448998153209686	-0.1064373180270195	0.10993456095457077	-0.28830429911613464	0.05346440523862839	-0.22423279285430908	-0.00048148693167604506	0.25819236040115356	0.2299073040485382	-0.2744145095348358	-0.13532008230686188	-0.20229636132717133	-0.21434591710567474	-0.1478716880083084	0.31675660610198975	0.1388905793428421	0.21289753913879395	-0.14556407928466797	0.21000783145427704	0.2739208936691284	-0.1582837849855423	-0.2484070360660553	0.23805385828018188	0.2524263858795166	0.13673526048660278	0.05225956812500954	0.23190908133983612	0.035709723830223083	0.049937471747398376	0.05975507199764252	0.13584722578525543	0.21649996936321259	-0.20809152722358704	-0.36038580536842346	0.11590180546045303	-0.14523865282535553	-0.015812192112207413	-0.0014446070417761803	-0.10046199709177017	-0.2677040696144104	-0.20941057801246643	-0.24850834906101227	0.3882495164871216	0.0645570382475853	0.08278489857912064	-0.05365928262472153	-0.2984969913959503	0.14928250014781952	0.03783341497182846
0.10490711033344269	0.04085667431354523	0.05167172849178314	0.15527497231960297	0.025102972984313965	-0.014871112070977688	0.13700628280639648	-0.22210942208766937	-0.03185927867889404	-0.05500197783112526	0.07651057094335556	0.06307365000247955	-0.08039375394582748	0.12461568415164948	-0.14270393550395966	0.04324750602245331	0.002357813296839595	0.019835881888866425	0.13322792947292328	-0.173797607421875	0.03128983825445175	0.1302311271429062	-0.11089781671762466	-0.17319847643375397	0.33460482954978943	-0.13441453874111176	0.09391496330499649	-0.06634246557950974	0.13240067660808563	0.2197345644235611	-0.20543989539146423	-0.06714174896478653	0.07667464762926102	-0.07648397237062454	-0.21801622211933136	-0.12576955556869507	-0.3123972713947296	-0.0931270569562912	0.12566567957401276	0.24792695045471191	0.10523097962141037	-0.03815465420484543	0.2669774293899536	-0.09819628298282623	-0.17119891941547394	0.09940602630376816	0.09532561153173447	-0.2839004397392273	-0.06906362622976303	0.35867616534233093
0.0018673618324100971	-0.15285499393939972	-0.07809165865182877	0.029506221413612366	-0.19961662590503693	-0.015875235199928284	-0.17142362892627716	0.29080259799957275	0.0018968740478157997	-0.2792696952819824	0.18919338285923004	0.16525569558143616	-0.0017908407608047128	0.17055386304855347	-0.04497957602143288	0.10036923736333847	-0.15844431519508362	0.06943708658218384	-0.1555432230234146	0.2827461063861847	-0.10035882145166397	-0.2038787454366684	0.16614137589931488	0.09829321503639221	-0.26958176493644714	0.030383706092834473	0.45432722568511963	-0.31510621309280396	-0.2875969409942627	-0.18988360464572906	0.05329763516783714	0.07109532505273819	0.3528909981250763	0.25011003017425537	0.3348858654499054	-0.09377221763134003	0.18843549489974976	0.3038603961467743	0.13881033658981323	-0.1430259495973587	-0.16347751021385193	-0.1988452821969986	0.2842792868614197	0.17301034927368164	0.2904393970966339	-0.10604803264141083	0.19638840854167938	0.1423458307981491	0.043695904314517975	-0.22121748328208923
0.17538130283355713	-0.10659968107938766	-0.18384072184562683	-0.08940084278583527	0.06333336234092712	-0.09158264100551605	-0.1517329066991806	0.021325306966900826	-0.11566561460494995	0.0518370158970356	0.03670889139175415	-0.09287158399820328	0.07100869715213776	0.13986387848854065	0.0943186804652214	0.05254838243126869	-0.16139289736747742	0.1266273409128189	-0.08941102772951126	0.17988137900829315	-0.02097037434577942	-0.2917219400405884	-0.1952173113822937	0.1960512101650238	0.2476274073123932	0.12082090228796005	0.32690900564193726	0.04000464081764221	-0.35248425602912903	-0.1494457870721817	-0.020786970853805542	0.15846335887908936	-0.1500294804573059	0.14736676216125488	0.13198193907737732	0.37484416365623474	0.25134050846099854	0.3242253065109253	0.20795592665672302	0.17951186001300812	0.2474997639656067	0.31279537081718445	-0.057580459862947464	-0.2843019962310791	-0.10536371171474457	0.15830104053020477	0.011869775131344795	-0.1396702378988266	0.07990581542253494	-0.00907198153436184
-0.11381597816944122	-0.2146925926208496	-0.08179289102554321	-0.15534697473049164	-0.028976555913686752	-0.2703685164451599	-0.32000285387039185	-0.00976596400141716	0.23024965822696686	-0.09754405915737152	-0.35676318407058716	0.17447121441364288	-0.02286575920879841	0.2827697694301605	0.09683749824762344	0.11998293548822403	-0.31532198190689087	0.2002001851797104	0.20208799839019775	-0.21406230330467224	-0.19185709953308105	-0.10534878075122833	0.08242521435022354	0.30724620819091797	0.013960190117359161	0.07504453510046005	0.04513850808143616	-0.23059682548046112	-0.23937563598155975	-0.2505190074443817	0.17691676318645477	0.3311407268047333	0.12189774960279465	-0.023989392444491386	-0.030485061928629875	0.11597628146409988	0.28396424651145935	0.3039446175098419	0.05961990728974342	0.030155980959534645	0.1131499707698822	0.22422803938388824	-0.336994469165802	-0.16727443039417267	-0.028746841475367546	-0.09583640098571777	-0.19526980817317963	0.3107137084007263	-0.0019020845647901297	0.32177796959877014
0.19548247754573822	0.2594630718231201	0.27122262120246887	0.13785432279109955	-0.26207512617111206	-0.17400020360946655	-0.1255159080028534	-0.21377120912075043	0.20814591646194458	0.1950484961271286	-0.023819699883461	0.07601618021726608	0.0019588605500757694	-0.1694549322128296	0.20128172636032104	0.1498783826828003	-0.08556357771158218	-0.18324293196201324	-0.07538601011037827	-0.2002413421869278	-0.07195506244897842	-0.14235197007656097	-0.1939002275466919	0.07299922406673431	-0.1356911063194275	0.1790647953748703	-0.26702749729156494	-0.15741866827011108	-0.09792090952396393	0.12182854861021042	0.03892795369029045	-0.36487719416618347	-0.0703878402709961	0.11062484234571457	0.17264235019683838	-0.2419704794883728	0.12208511680364609	-0.11978498846292496	0.0958004891872406	-0.22071285545825958	0.008148296736180782	0.11553823947906494	-0.10083064436912537	0.1652269810438156	-0.0011475823121145368	-0.2694878876209259	0.22985319793224335	0.16801023483276367	0.1775466948747635	0.35233747959136963
-0.24769198894500732	-0.17080405354499817	0.20825156569480896	-0.0763162225484848	-0.11091426014900208	0.37814462184906006	0.37739112973213196	0.26521971821784973	-0.10138852894306183	-0.004349414724856615	-0.06026452034711838	-0.2268344908952713	-0.3122010827064514	-0.08332953602075577	-0.026740578934550285	-0.00214542169123888	0.18505851924419403	0.26385197043418884	-0.13089430332183838	-0.12774355709552765	-0.14087828993797302	0.10558513551950455	-0.036692578345537186	-0.2700051963329315	-0.17507927119731903	0.06647197902202606	0.08660702407360077	-0.2666774094104767	0.20941311120986938	0.06786292791366577	-0.22371074557304382	0.010717898607254028	-0.020448191091418266	0.2961721122264862	0.36498773097991943	-0.12428409606218338	0.08541454374790192	0.06304653733968735	0.14483501017093658	-0.06644608825445175	0.2257126420736313	-0.15651655197143555	0.21498456597328186	-0.3781667947769165	-0.15446986258029938	0.0026356098242104053	-0.18378664553165436	0.024851400405168533	0.18202504515647888	-0.08094281703233719
-0.17242929339408875	-0.1018541157245636	0.0320775993168354	-0.25532498955726624	0.16355448961257935	-0.02723056823015213	0.09877126663923264	-0.1415080577135086	0.03675653412938118	0.18279872834682465	-0.009072559885680676	-0.12029078602790833	0.19606664776802063	0.16412140429019928	0.16946350038051605	0.26913538575172424	-0.06883048266172409	0.029263978824019432	-0.3266516625881195	0.026021206751465797	-0.0736922100186348	0.10980712622404099	-0.042418669909238815	-0.10778629034757614	0.23368039727210999	0.2660469114780426	-0.07397967576980591	-0.12333910167217255	0.08032377809286118	0.14297239482402802	0.32512590289115906	0.23246420919895172	-0.15460270643234253	0.07398952543735504	-0.04313167184591293	-0.0841149166226387	-0.06716591119766235	0.23473548889160156	0.2964060604572296	0.04925678297877312	0.0339869000017643	0.14361166954040527	0.09497106820344925	0.12936349213123322	-0.05297427624464035	0.0874619334936142	0.30923786759376526	-0.06144225224852562	0.09382402151823044	-0.05491316691040993
-0.10012318193912506	-0.042937397956848145	0.4591880738735199	-0.21426509320735931	-0.28320959210395813	-0.015304996632039547	0.18907327950000763	-0.3035443425178528	0.1753043681383133	0.24775876104831696	0.1818641722202301	0.06195608526468277	0.10539413243532181	-0.26304805278778076	0.06368827819824219	0.03739585727453232	0.0590217150747776	-0.02203146554529667	0.13766320049762726	-0.23546025156974792	0.36619946360588074	-0.01825646497309208	-0.01694444566965103	-0.05902455747127533	-0.03303990140557289	0.2539910674095154	-0.14066889882087708	-0.1620146930217743	0.08015064150094986	0.2226635366678238	-0.12743662297725677	-0.04340599477291107	-0.20608295500278473	-0.21363189816474915	0.15197968482971191	-0.10730847716331482	0.1577872633934021	0.0358588770031929	-0.2692539691925049	-0.031958360224962234	-0.036167971789836884	0.23179112374782562	0.21629050374031067	0.2147940993309021	-0.04083720222115517	-0.15201927721500397	-0.042574070394039154	-0.010926944203674793	0.11633848398923874	0.21123743057250977
0.20774784684181213	0.16825158894062042	0.23617807030677795	-0.09946177154779434	-0.1241660788655281	0.19416379928588867	0.10483874380588531	-0.13742463290691376	0.07545078545808792	0.10120509564876556	-0.11321423202753067	-0.148584246635437	-0.14378027617931366	0.1275811642408371	-0.07181139290332794	0.012735351920127869	-0.059238191694021225	-0.13482622802257538	-0.21775327622890472	-0.13329282402992249	-0.00743493065237999	0.09527904540300369	0.08073917031288147	0.3405650854110718	0.10867441445589066	0.2744283080101013	0.09655475616455078	0.33553245663642883	0.020349591970443726	0.0905710980296135	-0.012221049517393112	-0.021228596568107605	0.08941000699996948	0.2691653370857239	0.19321589171886444	0.2765117883682251	-0.19847150146961212	-0.17366889119148254	0.12937308847904205	0.05292566493153572	0.17771495878696442	-0.1716976910829544	0.019672591239213943	0.35647547245025635	-0.31687599420547485	-0.28321555256843567	-0.22910940647125244	-0.15390805900096893	0.04214880242943764	-0.2589806914329529
0.25395748019218445	-0.019183576107025146	-0.30488893389701843	-0.20798057317733765	0.21671834588050842	-0.0003166541864629835	0.03218735754489899	-0.13689415156841278	-0.018946735188364983	0.15677465498447418	-0.037491366267204285	0.22053885459899902	0.15902583301067352	-0.020148063078522682	-0.1558845192193985	-0.3340504765510559	0.2587568759918213	-0.2872791886329651	0.2587360441684723	-0.28445878624916077	-0.3627363443374634	-0.13957245647907257	-0.16462239623069763	-0.1531088799238205	0.1442713439464569	-0.1674807071685791	0.2191925048828125	-0.05918926000595093	0.14108556509017944	-0.24033665657043457	-0.1732829511165619	0.035209283232688904	-0.17429479956626892	-0.18766118586063385	-0.06975708156824112	0.06716178357601166	-0.1224188432097435	-0.06261514872312546	0.1127961054444313	0.19659508764743805	-0.10009878128767014	-0.14577297866344452	0.13447314500808716	0.09685120731592178	-0.1012088805437088	-0.043589651584625244	-0.1674814224243164	-0.06855928152799606	-0.15668371319770813	-0.04069884121417999
-0.16982035338878632	0.1306406557559967	-0.12368040531873703	0.10476447641849518	0.10875952988862991	0.29514965415000916	0.2952280342578888	0.22638213634490967	0.1581306904554367	-0.17761890590190887	0.248589888215065	0.0943867489695549	-0.0007425692747347057	0.0655016154050827	-0.05626825615763664	-0.2505808174610138	0.07669565826654434	-0.07435175031423569	-0.3127363324165344	-0.06775704771280289	0.22215691208839417	0.10875402390956879	0.017197001725435257	-0.18219906091690063	0.049926284700632095	-0.03242908790707588	-0.04190114885568619	-0.056641481816768646	-0.2472950667142868	-0.19389472901821136	-0.09273495525121689	-0.026140930131077766	0.3376343548297882	0.041486289352178574	-0.08981961011886597	0.2894755005836487	-0.018152236938476562	0.22095783054828644	-0.2529504895210266	-0.25922664999961853	0.1386006623506546	0.15940244495868683	0.14749133586883545	0.02405504882335663	0.18995732069015503	0.1986388862133026	-0.09959088265895844	0.055179644376039505	0.07774672657251358	-0.07265549153089523
-0.17278406023979187	0.2299676537513733	-0.04766584932804108	-0.2552184760570526	0.18430717289447784	-0.12271714210510254	0.2267112284898758	-0.0032940120436251163	0.23918719589710236	0.07700490951538086	0.14472945034503937	0.07029560953378677	-0.047732967883348465	0.2545722424983978	-0.007195317652076483	0.13088175654411316	0.045417264103889465	-0.14680413901805878	0.21439488232135773	0.15673018991947174	0.15598630905151367	0.1644725203514099	-0.18189513683319092	-0.1825755387544632	0.1342628300189972	0.009091862477362156	-0.25706538558006287	-0.2548099756240845	-0.029523242264986038	-0.17409835755825043	0.19819162786006927	0.24847018718719482	0.2824207842350006	-0.04390197992324829	-0.20610256493091583	-0.09964711964130402	-0.1942761391401291	0.06340641528367996	-0.0567159540951252	-0.15906238555908203	0.28277572989463806	-0.23069708049297333	-0.19420793652534485	0.0157333854585886	-0.17715249955654144	-0.13959890604019165	0.1940159946680069	0.24801014363765717	0.28160855174064636	0.22015458345413208
